(es),(66609)
(in),(55966)
(er),(55546)
(ti),(41903)
(st),(34835)
(te),(34218)
(on),(34139)
(at),(33714)
(ng),(32224)
(re),(32092)
(is),(31926)
(ed),(29755)
(en),(29190)
(ss),(29165)
(se),(29035)
(li),(28087)
(al),(27809)
(ri),(27455)
(ing),(27434)
(an),(27402)
(ra),(26763)
(le),(25720)
(ne),(24922)
(ar),(23532)
(ic),(22398)
(ro),(22156)
(nt),(21564)
(or),(21136)
(it),(19713)
(ie),(18768)
(de),(18733)
(la),(18726)
(co),(18511)
(ns),(18364)
(io),(18113)
(sc),(18088)
(rs),(17746)
(si),(17579)
(as),(16891)
(sp),(16798)
(ni),(16464)
(ca),(16437)
(ta),(16287)
(tr),(15835)
(to),(15753)
(et),(15597)
(ess),(15587)
(ch),(15560)
(di),(15257)
(he),(15224)
(el),(15137)
(sa),(15014)
(me),(14950)
(lo),(14842)
(ma),(14377)
(sh),(14366)
(ol),(14236)
(un),(14193)
(ll),(14150)
(mi),(13827)
(ea),(13531)
(ou),(13363)
(ion),(13334)
(ati),(13325)
(pe),(13139)
(na),(13045)
(ec),(13014)
(ers),(13011)
(ho),(12902)
(il),(12898)
(ac),(12837)
(ve),(12651)
(sm),(12495)
(ts),(12308)
(ia),(11984)
(th),(11984)
(nd),(11895)
(om),(11845)
(os),(11742)
(ph),(11494)
(hi),(11354)
(nes),(11302)
(ter),(11257)
(op),(11192)
(us),(11156)
(tio),(11147)
(ly),(11103)
(ies),(11080)
(no),(11053)
(ur),(10951)
(ha),(10921)
(em),(10632)
(nc),(10611)
(ge),(10585)
(ce),(10578)
(so),(9911)
(ses),(9817)
(ul),(9598)
(po),(9582)
(pr),(9556)
(ot),(9495)
(su),(9478)
(pa),(9423)
(am),(9368)
(mo),(9322)
(ab),(9225)
(ci),(8917)
(est),(8864)
(ep),(8843)
(ate),(8494)
(og),(8472)
(id),(8465)
(ap),(8435)
(bi),(8424)
(ons),(8268)
(bl),(8257)
(pi),(8243)
(ee),(8096)
(ent),(8061)
(ct),(8017)
(gr),(7907)
(ad),(7826)
(ut),(7821)
(gs),(7812)
(gi),(7670)
(oc),(7633)
(ist),(7514)
(iz),(7508)
(ds),(7469)
(sse),(7444)
(ba),(7291)
(rt),(7222)
(be),(7200)
(ck),(7178)
(do),(7153)
(ali),(7149)
(ngs),(7044)
(oo),(7028)
(tin),(6910)
(im),(6890)
(sd),(6884)
(ke),(6848)
(cr),(6828)
(ag),(6792)
(sb),(6754)
(ga),(6610)
(ine),(6495)
(um),(6484)
(bo),(6355)
(sl),(6241)
(ir),(6180)
(tt),(6162)
(da),(6155)
(fi),(6132)
(mp),(6085)
(ai),(6066)
(ica),(6016)
(lin),(5990)
(iv),(5932)
(ise),(5893)
(eri),(5872)
(tu),(5870)
(sr),(5858)
(ant),(5844)
(tic),(5837)
(ig),(5830)
(dr),(5738)
(per),(5675)
(ls),(5601)
(vi),(5601)
(pl),(5597)
(res),(5595)
(sin),(5577)
(ze),(5496)
(cu),(5445)
(od),(5442)
(sco),(5420)
(all),(5411)
(rd),(5390)
(iti),(5381)
(str),(5362)
(ver),(5345)
(rc),(5322)
(tes),(5322)
(lu),(5315)
(rm),(5288)
(ste),(5273)
(ob),(5194)
(les),(5167)
(du),(5141)
(sn),(5120)
(ys),(5115)
(ted),(5094)
(ere),(5072)
(esc),(5068)
(rr),(4980)
(ru),(4954)
(ms),(4909)
(ki),(4892)
(sf),(4860)
(ip),(4854)
(ous),(4828)
(cal),(4827)
(rin),(4801)
(ble),(4779)
(lis),(4768)
(go),(4747)
(sti),(4747)
(hy),(4737)
(tra),(4732)
(con),(4708)
(ei),(4699)
(nti),(4696)
(esp),(4618)
(nte),(4617)
(gl),(4548)
(ov),(4544)
(ow),(4515)
(ty),(4439)
(wa),(4417)
(br),(4411)
(lit),(4411)
(eo),(4376)
(qu),(4370)
(ry),(4368)
(sta),(4358)
(ene),(4351)
(yp),(4340)
(tri),(4335)
(oni),(4329)
(rat),(4313)
(tor),(4311)
(eg),(4304)
(men),(4292)
(au),(4278)
(cl),(4261)
(fe),(4241)
(if),(4207)
(ef),(4150)
(ex),(4139)
(ize),(4131)
(sg),(4106)
(fo),(4052)
(oi),(4017)
(pho),(3962)
(era),(3957)
(lat),(3940)
(der),(3921)
(ism),(3918)
(eb),(3912)
(gra),(3901)
(gu),(3878)
(up),(3866)
(bu),(3866)
(ite),(3849)
(va),(3836)
(ili),(3836)
(abl),(3821)
(ps),(3820)
(ari),(3794)
(the),(3792)
(pre),(3770)
(dis),(3766)
(sw),(3750)
(eu),(3744)
(min),(3743)
(sts),(3730)
(ive),(3727)
(uc),(3709)
(mb),(3706)
(rp),(3692)
(pro),(3671)
(olo),(3663)
(her),(3650)
(ub),(3649)
(nde),(3647)
(int),(3629)
(ran),(3614)
(oph),(3604)
(ast),(3597)
(yc),(3583)
(ove),(3583)
(nis),(3574)
(tie),(3573)
(rn),(3551)
(fl),(3549)
(rb),(3510)
(dd),(3508)
(mu),(3507)
(che),(3506)
(fa),(3500)
(lt),(3464)
(log),(3459)
(sk),(3452)
(gh),(3401)
(ris),(3394)
(ier),(3379)
(mm),(3370)
(red),(3357)
(nn),(3353)
(and),(3326)
(one),(3323)
(ks),(3313)
(ua),(3310)
(ona),(3305)
(sca),(3300)
(sre),(3294)
(ese),(3276)
(ib),(3269)
(mat),(3254)
(ect),(3241)
(pp),(3226)
(esi),(3206)
(ev),(3205)
(we),(3202)
(ui),(3191)
(she),(3180)
(nce),(3176)
(sto),(3148)
(rg),(3135)
(oa),(3105)
(tc),(3088)
(pt),(3078)
(man),(3069)
(ato),(3057)
(ori),(3057)
(ill),(3055)
(ssi),(3054)
(rie),(3045)
(ell),(3015)
(tro),(3012)
(wi),(3008)
(fu),(3002)
(esa),(2997)
(rea),(2984)
(spe),(2974)
(ins),(2960)
(wo),(2958)
(pu),(2950)
(av),(2937)
(ero),(2925)
(chi),(2920)
(mis),(2915)
(cat),(2891)
(dl),(2883)
(ina),(2880)
(din),(2867)
(yl),(2860)
(cti),(2856)
(met),(2825)
(ak),(2813)
(ome),(2809)
(lli),(2803)
(gg),(2801)
(ani),(2794)
(ish),(2792)
(lly),(2786)
(tl),(2782)
(nal),(2779)
(hr),(2776)
(tis),(2773)
(ans),(2770)
(ue),(2760)
(gen),(2757)
(eds),(2756)
(spa),(2748)
(tiv),(2739)
(edu),(2736)
(sy),(2727)
(ya),(2719)
(ff),(2718)
(ric),(2708)
(rop),(2697)
(spr),(2688)
(led),(2683)
(eco),(2678)
(sma),(2676)
(ial),(2671)
(nin),(2670)
(cha),(2670)
(sed),(2669)
(enc),(2666)
(erc),(2661)
(ud),(2646)
(ew),(2646)
(ele),(2646)
(edi),(2640)
(nat),(2639)
(ym),(2630)
(ide),(2628)
(yi),(2619)
(shi),(2619)
(ae),(2617)
(ser),(2613)
(rap),(2599)
(rl),(2598)
(ler),(2598)
(erm),(2592)
(ini),(2590)
(nu),(2572)
(ete),(2564)
(lle),(2552)
(esm),(2552)
(des),(2551)
(ass),(2544)
(ten),(2544)
(out),(2539)
(sch),(2539)
(nf),(2538)
(ld),(2535)
(ula),(2535)
(yt),(2533)
(nts),(2518)
(rec),(2510)
(ici),(2509)
(ens),(2504)
(nge),(2503)
(lan),(2498)
(spo),(2483)
(sha),(2477)
(com),(2476)
(ay),(2465)
(kin),(2463)
(emi),(2460)
(und),(2460)
(sde),(2460)
(eli),(2455)
(anc),(2453)
(par),(2453)
(isa),(2452)
(ack),(2443)
(ede),(2419)
(dun),(2417)
(ssu),(2415)
(fr),(2408)
(ye),(2399)
(tal),(2392)
(nta),(2388)
(ard),(2387)
(dc),(2382)
(ity),(2360)
(tat),(2351)
(rac),(2350)
(hin),(2346)
(zi),(2342)
(za),(2340)
(ogi),(2333)
(esd),(2330)
(esh),(2329)
(tte),(2324)
(ria),(2323)
(etr),(2316)
(hu),(2312)
(oli),(2310)
(gn),(2308)
(non),(2296)
(bil),(2294)
(sat),(2294)
(car),(2282)
(ost),(2274)
(phi),(2267)
(ht),(2266)
(eti),(2266)
(end),(2252)
(ner),(2239)
(ore),(2239)
(nk),(2233)
(aph),(2216)
(len),(2215)
(gre),(2212)
(ert),(2208)
(oe),(2205)
(ka),(2204)
(san),(2204)
(tre),(2197)
(ngl),(2190)
(ort),(2185)
(ces),(2177)
(yd),(2168)
(ors),(2165)
(ngr),(2161)
(scr),(2156)
(sen),(2154)
(cc),(2148)
(ias),(2141)
(for),(2140)
(eni),(2133)
(mon),(2130)
(rk),(2129)
(ara),(2129)
(age),(2129)
(eh),(2127)
(edr),(2121)
(ros),(2113)
(art),(2105)
(isi),(2100)
(sne),(2098)
(sho),(2094)
(sst),(2091)
(rit),(2085)
(cro),(2082)
(yr),(2081)
(liz),(2072)
(las),(2068)
(pla),(2067)
(ron),(2062)
(vo),(2059)
(np),(2059)
(dp),(2058)
(ug),(2057)
(ang),(2054)
(tur),(2052)
(rf),(2035)
(cy),(2033)
(act),(2030)
(oma),(2029)
(cho),(2029)
(db),(2028)
(sv),(2025)
(ear),(2023)
(pin),(2023)
(tan),(2022)
(hs),(2017)
(af),(2016)
(ssa),(2015)
(smi),(2009)
(yn),(2006)
(ral),(2004)
(lar),(1999)
(ndi),(1995)
(mer),(1992)
(sdi),(1986)
(als),(1985)
(eme),(1975)
(ntr),(1974)
(hes),(1971)
(esb),(1969)
(gin),(1967)
(oun),(1959)
(ret),(1955)
(ure),(1954)
(ind),(1951)
(esr),(1946)
(spi),(1944)
(ont),(1943)
(cs),(1941)
(eso),(1936)
(lp),(1935)
(ain),(1933)
(mic),(1932)
(sms),(1923)
(ose),(1914)
(nic),(1901)
(erp),(1899)
(den),(1898)
(ein),(1897)
(err),(1893)
(ath),(1887)
(aw),(1886)
(cen),(1882)
(lla),(1880)
(ita),(1880)
(of),(1878)
(ala),(1878)
(hob),(1877)
(sun),(1874)
(abi),(1873)
(yin),(1870)
(rou),(1859)
(cul),(1858)
(sub),(1855)
(dre),(1850)
(ian),(1845)
(smo),(1842)
(ger),(1839)
(ale),(1835)
(han),(1825)
(ok),(1820)
(ker),(1818)
(ogr),(1816)
(ik),(1811)
(ven),(1808)
(ram),(1802)
(ono),(1798)
(rh),(1795)
(ned),(1792)
(unt),(1789)
(ema),(1789)
(lie),(1787)
(sel),(1787)
(edc),(1786)
(onc),(1778)
(ree),(1776)
(use),(1775)
(lic),(1773)
(ren),(1764)
(lec),(1764)
(edd),(1762)
(ey),(1761)
(nit),(1761)
(erb),(1756)
(dg),(1755)
(ton),(1754)
(pos),(1751)
(ead),(1751)
(gc),(1749)
(sme),(1744)
(ach),(1735)
(ond),(1733)
(ick),(1732)
(dm),(1731)
(lc),(1729)
(har),(1728)
(tho),(1717)
(sal),(1716)
(yo),(1715)
(hor),(1715)
(omi),(1714)
(inc),(1713)
(unc),(1708)
(eat),(1708)
(nsi),(1706)
(col),(1703)
(esu),(1695)
(ngc),(1693)
(ora),(1690)
(cor),(1688)
(uri),(1678)
(hea),(1678)
(eno),(1677)
(tch),(1677)
(rti),(1676)
(tar),(1669)
(obi),(1667)
(nst),(1667)
(nr),(1662)
(ras),(1659)
(nco),(1657)
(xi),(1656)
(gd),(1654)
(ami),(1652)
(nch),(1651)
(gp),(1650)
(igh),(1649)
(pol),(1644)
(ole),(1644)
(lf),(1640)
(ber),(1633)
(gm),(1632)
(can),(1632)
(rep),(1632)
(zin),(1628)
(iza),(1624)
(nse),(1623)
(bb),(1621)
(ana),(1621)
(let),(1618)
(ics),(1617)
(tom),(1615)
(ame),(1609)
(iat),(1603)
(ust),(1601)
(ox),(1600)
(eta),(1598)
(our),(1595)
(sis),(1592)
(ngu),(1591)
(sup),(1587)
(tel),(1586)
(are),(1582)
(ah),(1579)
(ght),(1579)
(emo),(1579)
(edp),(1579)
(qui),(1576)
(nm),(1574)
(dn),(1573)
(oto),(1572)
(ssp),(1571)
(zes),(1560)
(ngd),(1559)
(ock),(1553)
(ngp),(1552)
(rom),(1551)
(cks),(1550)
(ase),(1549)
(ace),(1548)
(zed),(1544)
(lea),(1540)
(thi),(1540)
(ssc),(1539)
(sso),(1532)
(ded),(1531)
(hal),(1531)
(nsc),(1528)
(osi),(1527)
(sio),(1526)
(sla),(1525)
(rst),(1523)
(pha),(1522)
(tab),(1519)
(mar),(1519)
(rss),(1517)
(cou),(1515)
(ern),(1512)
(pen),(1511)
(rse),(1510)
(ifi),(1510)
(rre),(1509)
(nsp),(1509)
(ice),(1505)
(sth),(1505)
(sba),(1504)
(dro),(1503)
(bs),(1501)
(cke),(1498)
(nl),(1497)
(tp),(1494)
(rv),(1494)
(ges),(1494)
(ult),(1492)
(llo),(1491)
(gb),(1482)
(ett),(1481)
(nb),(1477)
(edo),(1477)
(lm),(1476)
(cra),(1473)
(sem),(1472)
(az),(1471)
(ngi),(1467)
(rot),(1463)
(ane),(1457)
(rsc),(1446)
(sit),(1445)
(wor),(1445)
(roc),(1441)
(att),(1440)
(lys),(1438)
(ura),(1433)
(isc),(1432)
(ple),(1430)
(oll),(1428)
(dec),(1423)
(por),(1423)
(iss),(1422)
(esf),(1422)
(zat),(1421)
(ash),(1418)
(wh),(1415)
(sph),(1415)
(idi),(1412)
(eth),(1408)
(rma),(1400)
(dy),(1399)
(orm),(1395)
(ngo),(1392)
(tw),(1391)
(tm),(1391)
(rem),(1391)
(rch),(1390)
(gy),(1389)
(erg),(1389)
(adi),(1385)
(nga),(1381)
(ile),(1381)
(imp),(1381)
(nv),(1378)
(arc),(1376)
(net),(1374)
(ino),(1371)
(ful),(1371)
(ich),(1370)
(erf),(1370)
(ade),(1368)
(mor),(1368)
(sno),(1365)
(hro),(1363)
(qua),(1361)
(ngb),(1360)
(cto),(1355)
(dia),(1354)
(nh),(1353)
(yb),(1348)
(my),(1344)
(cin),(1344)
(edb),(1336)
(ena),(1333)
(pat),(1333)
(bra),(1331)
(sce),(1330)
(tb),(1328)
(ata),(1325)
(mes),(1323)
(hl),(1320)
(eda),(1320)
(rad),(1319)
(oti),(1319)
(cer),(1318)
(sli),(1317)
(eca),(1314)
(zo),(1313)
(xe),(1313)
(eas),(1311)
(rsp),(1307)
(hol),(1306)
(sur),(1306)
(erd),(1304)
(ong),(1304)
(tf),(1303)
(ela),(1303)
(oth),(1300)
(app),(1300)
(ves),(1299)
(esl),(1294)
(hyp),(1290)
(esg),(1289)
(dt),(1288)
(fer),(1288)
(ny),(1282)
(phe),(1282)
(erl),(1281)
(oge),(1279)
(ars),(1274)
(gly),(1274)
(hed),(1273)
(dh),(1271)
(ech),(1270)
(tit),(1269)
(pri),(1268)
(dic),(1266)
(lac),(1265)
(ft),(1264)
(ime),(1262)
(rel),(1261)
(upe),(1259)
(ja),(1258)
(mal),(1257)
(df),(1256)
(riz),(1256)
(vel),(1255)
(nci),(1254)
(ssh),(1253)
(iu),(1252)
(ope),(1251)
(sor),(1249)
(niz),(1248)
(rol),(1247)
(cre),(1247)
(top),(1244)
(sq),(1243)
(omp),(1240)
(que),(1235)
(oid),(1233)
(izi),(1229)
(nar),(1226)
(eve),(1226)
(win),(1225)
(epi),(1225)
(rer),(1224)
(epr),(1219)
(ets),(1218)
(ote),(1215)
(pan),(1210)
(arr),(1209)
(ped),(1208)
(lor),(1207)
(nne),(1204)
(alo),(1202)
(rai),(1197)
(squ),(1197)
(eal),(1197)
(phy),(1196)
(sec),(1195)
(sar),(1195)
(nth),(1193)
(cop),(1190)
(tti),(1187)
(dde),(1184)
(gis),(1184)
(hil),(1182)
(nsa),(1181)
(ola),(1180)
(mas),(1180)
(ire),(1180)
(hip),(1175)
(yg),(1174)
(ype),(1174)
(stu),(1172)
(kl),(1169)
(rdi),(1169)
(tle),(1167)
(ivi),(1166)
(hie),(1164)
(rmi),(1164)
(ln),(1163)
(ood),(1161)
(bar),(1161)
(ano),(1158)
(sex),(1156)
(asi),(1154)
(bac),(1152)
(cle),(1152)
(oss),(1151)
(son),(1149)
(omo),(1149)
(ail),(1148)
(rw),(1144)
(aci),(1144)
(rab),(1144)
(dra),(1143)
(hon),(1142)
(uti),(1140)
(ico),(1139)
(til),(1138)
(uns),(1134)
(py),(1130)
(ake),(1129)
(pti),(1127)
(rco),(1121)
(med),(1117)
(ave),(1114)
(sol),(1111)
(tem),(1108)
(rsh),(1105)
(ppe),(1105)
(thr),(1103)
(cis),(1101)
(tim),(1101)
(ama),(1099)
(amp),(1098)
(edn),(1095)
(rog),(1094)
(bal),(1089)
(dne),(1088)
(tsc),(1087)
(tia),(1086)
(war),(1086)
(ju),(1083)
(his),(1083)
(rri),(1081)
(rte),(1081)
(scu),(1081)
(nia),(1079)
(ual),(1079)
(ref),(1077)
(loc),(1077)
(een),(1077)
(ean),(1076)
(ely),(1074)
(edl),(1072)
(lyc),(1071)
(sim),(1071)
(aut),(1070)
(rth),(1070)
(dw),(1069)
(sbe),(1068)
(ict),(1065)
(spl),(1065)
(gt),(1064)
(esn),(1064)
(ko),(1063)
(wn),(1062)
(ums),(1062)
(swa),(1062)
(nto),(1061)
(dle),(1059)
(lia),(1057)
(yco),(1057)
(ked),(1057)
(yu),(1056)
(dem),(1052)
(tsp),(1051)
(nss),(1050)
(oca),(1049)
(nds),(1047)
(ium),(1047)
(ski),(1047)
(sle),(1046)
(opi),(1045)
(rsi),(1045)
(gie),(1045)
(low),(1043)
(ord),(1043)
(iso),(1042)
(mul),(1041)
(cri),(1041)
(fie),(1040)
(epa),(1040)
(fic),(1039)
(asc),(1036)
(td),(1035)
(odi),(1035)
(lam),(1035)
(tec),(1035)
(rid),(1033)
(hen),(1032)
(iou),(1032)
(cia),(1030)
(hot),(1029)
(cla),(1029)
(gun),(1028)
(ode),(1027)
(ngm),(1025)
(sci),(1024)
(tru),(1024)
(ann),(1023)
(hic),(1022)
(itt),(1022)
(fin),(1022)
(mme),(1020)
(hem),(1019)
(mpe),(1014)
(alc),(1014)
(edm),(1014)
(oly),(1013)
(rde),(1012)
(tas),(1011)
(yst),(1011)
(ima),(1011)
(eed),(1010)
(ith),(1009)
(pic),(1008)
(ws),(1007)
(obe),(1006)
(alp),(1006)
(gat),(1004)
(och),(1004)
(rsa),(999)
(eph),(998)
(oy),(996)
(rim),(995)
(sj),(994)
(erv),(994)
(ndo),(993)
(cie),(993)
(oot),(991)
(nsu),(988)
(tha),(986)
(lou),(986)
(cit),(985)
(rag),(983)
(roo),(982)
(alt),(982)
(ike),(980)
(atr),(979)
(nan),(978)
(ddi),(978)
(mit),(977)
(lyp),(974)
(yf),(972)
(cur),(971)
(xt),(970)
(ngt),(969)
(ax),(968)
(isp),(968)
(usn),(966)
(bes),(963)
(ary),(962)
(lb),(961)
(aa),(959)
(die),(959)
(orp),(957)
(ek),(955)
(ien),(955)
(rus),(953)
(nom),(953)
(pie),(951)
(tee),(948)
(bro),(946)
(nre),(946)
(uni),(945)
(sbo),(945)
(sep),(943)
(tea),(942)
(slo),(942)
(tss),(942)
(nda),(940)
(cap),(940)
(lon),(939)
(bia),(939)
(fla),(939)
(cep),(938)
(arm),(938)
(lti),(936)
(nos),(935)
(epo),(935)
(gan),(935)
(tn),(934)
(gf),(933)
(sac),(932)
(jo),(931)
(tsa),(930)
(ega),(930)
(bri),(930)
(lig),(928)
(ids),(927)
(air),(926)
(hm),(925)
(cas),(925)
(som),(924)
(lv),(922)
(icr),(922)
(uto),(920)
(yh),(919)
(bla),(919)
(dit),(918)
(oro),(915)
(ied),(914)
(bli),(914)
(elo),(914)
(pal),(914)
(oin),(913)
(eto),(913)
(edt),(913)
(eun),(913)
(eci),(912)
(cp),(911)
(asp),(911)
(gic),(909)
(imi),(909)
(nsh),(909)
(lk),(907)
(ept),(907)
(opo),(907)
(rds),(905)
(ute),(903)
(gle),(903)
(epe),(903)
(ees),(902)
(hel),(902)
(shy),(901)
(emp),(898)
(sbr),(898)
(osp),(897)
(tol),(896)
(mel),(896)
(sfo),(895)
(sgr),(895)
(vin),(894)
(lem),(892)
(rio),(891)
(arb),(889)
(sou),(889)
(tiz),(888)
(los),(887)
(asa),(886)
(chr),(886)
(nso),(886)
(uf),(883)
(lep),(883)
(gal),(883)
(ull),(883)
(mil),(883)
(erw),(882)
(sra),(882)
(tai),(880)
(dco),(880)
(icp),(880)
(reg),(878)
(tos),(878)
(sab),(877)
(orn),(877)
(het),(877)
(sly),(875)
(je),(873)
(vis),(873)
(uss),(873)
(inf),(873)
(usi),(872)
(pli),(872)
(nsd),(871)
(lum),(870)
(ged),(865)
(ych),(863)
(ape),(863)
(leu),(862)
(gro),(861)
(nie),(861)
(ump),(861)
(acc),(858)
(sea),(855)
(sbi),(854)
(pit),(852)
(edg),(852)
(ban),(851)
(bre),(850)
(cki),(850)
(eur),(850)
(ush),(849)
(onp),(849)
(nni),(847)
(ida),(845)
(urs),(845)
(bin),(844)
(rra),(843)
(ito),(843)
(ssl),(843)
(lab),(842)
(cli),(842)
(hn),(841)
(icu),(841)
(ngf),(841)
(els),(840)
(lls),(840)
(evi),(839)
(amb),(839)
(nw),(838)
(smu),(838)
(hou),(837)
(ydr),(837)
(lg),(835)
(own),(834)
(scl),(833)
(gss),(833)
(row),(831)
(del),(830)
(umb),(829)
(eq),(827)
(uck),(826)
(tst),(826)
(osc),(825)
(clo),(825)
(ext),(825)
(omm),(824)
(hom),(819)
(amm),(819)
(sdo),(819)
(bio),(818)
(lim),(817)
(ott),(817)
(mpl),(814)
(equ),(814)
(sov),(814)
(hyd),(813)
(sid),(813)
(erh),(812)
(ark),(808)
(owe),(808)
(tse),(808)
(rme),(805)
(lop),(803)
(nas),(802)
(val),(800)
(leg),(798)
(ery),(798)
(nsm),(797)
(lyi),(796)
(xp),(794)
(rmo),(794)
(pec),(794)
(opa),(793)
(set),(793)
(hoo),(792)
(old),(792)
(sil),(792)
(zer),(790)
(sga),(789)
(tac),(788)
(aro),(787)
(rge),(787)
(edf),(787)
(utt),(786)
(mpa),(784)
(apo),(782)
(gst),(781)
(tif),(780)
(nec),(780)
(sbu),(780)
(sfa),(779)
(bit),(778)
(vit),(778)
(gar),(778)
(gge),(777)
(cte),(776)
(itu),(776)
(ork),(776)
(emb),(776)
(rev),(775)
(lik),(775)
(cel),(774)
(rsd),(774)
(ctr),(773)
(esw),(773)
(ats),(771)
(eer),(771)
(rni),(770)
(ila),(769)
(avi),(769)
(ssn),(767)
(alm),(767)
(swi),(766)
(atu),(765)
(ink),(765)
(rip),(765)
(glo),(765)
(dou),(765)
(oh),(763)
(nor),(763)
(rbo),(762)
(sul),(762)
(tg),(761)
(iol),(761)
(ibl),(761)
(nop),(760)
(kn),(758)
(onf),(757)
(xa),(756)
(uts),(756)
(ign),(755)
(ota),(754)
(mou),(754)
(usl),(753)
(ril),(753)
(agg),(753)
(agi),(752)
(dal),(752)
(ngh),(752)
(lne),(751)
(nel),(751)
(mpo),(751)
(pon),(750)
(sna),(750)
(pes),(749)
(fs),(748)
(uro),(748)
(zz),(747)
(rig),(747)
(dst),(747)
(esv),(747)
(ily),(746)
(rli),(746)
(gco),(744)
(sfl),(743)
(rne),(742)
(mac),(742)
(dio),(742)
(dri),(742)
(orr),(741)
(duc),(740)
(eac),(739)
(sam),(739)
(dan),(738)
(ypo),(738)
(fis),(738)
(ory),(737)
(spu),(737)
(ank),(736)
(rei),(735)
(ecr),(734)
(cos),(732)
(lot),(732)
(yun),(731)
(not),(728)
(dep),(728)
(bas),(727)
(imm),(727)
(rso),(727)
(typ),(727)
(bat),(726)
(mn),(724)
(ips),(723)
(amo),(723)
(ads),(722)
(pas),(722)
(sfi),(722)
(uct),(721)
(ebo),(721)
(sss),(720)
(nol),(718)
(ppi),(718)
(exp),(717)
(sau),(716)
(ece),(715)
(rba),(715)
(efi),(715)
(toc),(712)
(ced),(711)
(flo),(711)
(eba),(709)
(abo),(708)
(dom),(708)
(iva),(708)
(rif),(708)
(ske),(708)
(rsb),(707)
(arg),(706)
(oco),(706)
(aff),(705)
(plo),(704)
(bul),(703)
(rro),(703)
(neu),(702)
(iri),(701)
(wr),(700)
(tep),(700)
(mot),(699)
(asm),(699)
(def),(699)
(gde),(699)
(dea),(698)
(nca),(697)
(ung),(697)
(dge),(696)
(gne),(696)
(rsm),(694)
(pot),(693)
(bur),(693)
(ipp),(693)
(cta),(692)
(fle),(692)
(fac),(691)
(lus),(690)
(ugh),(690)
(dat),(689)
(swo),(689)
(hee),(689)
(sop),(688)
(ndr),(687)
(syn),(686)
(bel),(685)
(ecu),(684)
(fra),(684)
(pet),(683)
(lde),(682)
(lio),(682)
(swe),(682)
(sic),(681)
(ume),(681)
(ket),(680)
(ule),(679)
(ook),(679)
(dsc),(678)
(mag),(678)
(nea),(677)
(run),(677)
(lut),(676)
(loo),(674)
(kie),(674)
(edh),(674)
(ggi),(673)
(tam),(673)
(siv),(672)
(hos),(672)
(gon),(672)
(atc),(672)
(oz),(671)
(nou),(671)
(bic),(671)
(ffe),(670)
(rod),(669)
(aco),(668)
(rob),(668)
(hop),(668)
(tun),(668)
(rta),(667)
(tet),(667)
(egr),(666)
(eep),(666)
(api),(665)
(mmi),(664)
(ix),(663)
(aca),(663)
(onr),(663)
(uo),(662)
(una),(662)
(ffi),(662)
(itr),(661)
(bed),(660)
(pra),(660)
(elf),(660)
(sia),(659)
(uli),(659)
(rna),(659)
(boo),(658)
(pul),(658)
(wer),(657)
(sap),(657)
(onn),(655)
(cid),(655)
(soc),(655)
(mie),(654)
(rum),(654)
(thy),(653)
(bly),(653)
(gli),(653)
(dli),(652)
(nsr),(652)
(rph),(650)
(ago),(649)
(bea),(649)
(lei),(649)
(yw),(648)
(bor),(648)
(gla),(648)
(sro),(648)
(uth),(647)
(tag),(647)
(tsm),(647)
(oon),(645)
(ntl),(644)
(has),(644)
(gw),(643)
(don),(643)
(tou),(643)
(uff),(643)
(rsr),(642)
(ngg),(641)
(ots),(639)
(dly),(639)
(blo),(639)
(sie),(639)
(oke),(639)
(tco),(638)
(kes),(637)
(coc),(636)
(sas),(636)
(eam),(634)
(mol),(634)
(opp),(633)
(oar),(632)
(orc),(632)
(woo),(632)
(lyt),(629)
(inn),(629)
(gsc),(628)
(eou),(627)
(ool),(627)
(vat),(626)
(ops),(626)
(mun),(625)
(omb),(624)
(its),(624)
(ogy),(623)
(pac),(623)
(lya),(622)
(ibi),(622)
(ctu),(622)
(sfe),(622)
(fy),(621)
(usc),(621)
(boa),(620)
(dv),(619)
(ilo),(619)
(nam),(619)
(aln),(618)
(ebr),(618)
(pel),(617)
(dow),(617)
(lym),(615)
(gas),(614)
(svi),(614)
(gsp),(614)
(ado),(613)
(tli),(613)
(eru),(613)
(yre),(613)
(nab),(612)
(tta),(612)
(tua),(610)
(dar),(610)
(enn),(610)
(lag),(609)
(rga),(609)
(rib),(608)
(stp),(607)
(ths),(606)
(vol),(606)
(rav),(606)
(ira),(604)
(gri),(604)
(nve),(604)
(uma),(603)
(acr),(603)
(hum),(603)
(odo),(602)
(mia),(602)
(sad),(602)
(apa),(602)
(mma),(602)
(ckl),(602)
(ngn),(601)
(mbo),(601)
(reb),(601)
(bou),(600)
(ndu),(597)
(pis),(597)
(stc),(597)
(iga),(596)
(icc),(596)
(rts),(595)
(nac),(595)
(mbe),(595)
(ewa),(595)
(tto),(594)
(ues),(594)
(lee),(594)
(seu),(594)
(sve),(594)
(rbi),(593)
(sbl),(593)
(sfr),(593)
(add),(592)
(onv),(592)
(lyd),(591)
(ky),(590)
(dmi),(590)
(rsu),(589)
(onm),(588)
(tsh),(588)
(uk),(587)
(eva),(587)
(uit),(587)
(rca),(587)
(lyu),(587)
(eck),(586)
(eng),(586)
(kh),(584)
(flu),(584)
(wee),(584)
(rcu),(584)
(tsd),(584)
(rce),(582)
(nep),(582)
(aki),(581)
(mid),(581)
(alu),(580)
(whi),(580)
(ams),(579)
(ltr),(579)
(eel),(579)
(lip),(578)
(rsl),(578)
(eis),(577)
(ays),(577)
(umi),(576)
(sig),(576)
(ada),(574)
(eab),(573)
(gou),(573)
(aba),(572)
(nem),(572)
(hit),(572)
(pil),(572)
(fre),(572)
(cam),(572)
(mos),(571)
(uta),(571)
(eet),(571)
(lif),(571)
(tsr),(571)
(bol),(570)
(wat),(569)
(uch),(569)
(det),(569)
(lte),(568)
(uin),(567)
(oso),(567)
(hat),(566)
(lh),(565)
(chl),(565)
(riv),(565)
(dpr),(565)
(pea),(565)
(osa),(564)
(bus),(564)
(esk),(564)
(leb),(563)
(xes),(562)
(ils),(560)
(lad),(560)
(lun),(560)
(rov),(560)
(urr),(560)
(ku),(558)
(psy),(558)
(udi),(558)
(ved),(557)
(rpe),(557)
(arn),(557)
(reo),(557)
(lay),(556)
(bon),(555)
(kle),(555)
(cum),(553)
(ssm),(553)
(ois),(553)
(dsh),(553)
(off),(553)
(rgi),(552)
(gov),(552)
(sda),(552)
(kb),(551)
(gam),(550)
(efo),(550)
(mph),(550)
(hb),(549)
(oxi),(549)
(yth),(548)
(ods),(548)
(tid),(548)
(dsp),(547)
(yan),(546)
(ife),(546)
(ben),(545)
(ncy),(545)
(tly),(545)
(stl),(545)
(ehe),(545)
(sz),(544)
(sge),(544)
(ez),(543)
(noc),(543)
(pto),(543)
(tsb),(543)
(ej),(542)
(ows),(542)
(gno),(542)
(chy),(541)
(eak),(541)
(nke),(541)
(npr),(541)
(ham),(540)
(olu),(540)
(pir),(540)
(cus),(539)
(usa),(539)
(opl),(539)
(ken),(539)
(hyl),(539)
(uls),(539)
(umm),(539)
(urn),(538)
(syc),(538)
(dov),(538)
(ege),(537)
(yme),(537)
(iac),(537)
(rpr),(537)
(ais),(536)
(roa),(535)
(ruc),(535)
(otr),(534)
(tne),(534)
(ige),(534)
(nen),(534)
(cru),(534)
(arl),(534)
(mc),(533)
(but),(532)
(geo),(532)
(rle),(532)
(ssw),(532)
(tsu),(532)
(mpi),(530)
(rsf),(530)
(xo),(529)
(yte),(529)
(yse),(529)
(gma),(529)
(efe),(528)
(ssy),(528)
(mbl),(528)
(ngw),(528)
(wl),(527)
(oce),(527)
(tap),(527)
(sni),(526)
(irr),(525)
(rew),(525)
(ebe),(525)
(tsi),(525)
(oat),(523)
(yro),(523)
(nee),(522)
(arp),(522)
(rpo),(522)
(ald),(522)
(tyl),(522)
(ycl),(522)
(try),(521)
(tog),(521)
(aps),(521)
(gpr),(521)
(ipe),(520)
(slu),(520)
(rve),(519)
(fil),(518)
(llu),(517)
(efu),(517)
(oci),(516)
(dor),(515)
(see),(515)
(abb),(514)
(unp),(514)
(roi),(513)
(ypr),(512)
(sgo),(512)
(ysi),(511)
(lai),(510)
(msp),(510)
(ava),(509)
(ryp),(508)
(shu),(508)
(edw),(508)
(mod),(507)
(yli),(507)
(cut),(507)
(egi),(507)
(yto),(506)
(sty),(505)
(uat),(505)
(nsl),(505)
(rys),(504)
(gel),(503)
(yla),(502)
(itc),(502)
(cm),(501)
(gui),(501)
(pur),(501)
(ios),(500)
(rke),(500)
(tig),(500)
(usp),(500)
(epl),(499)
(lco),(499)
(cot),(498)
(pse),(498)
(kr),(497)
(aft),(495)
(gue),(495)
(hab),(494)
(oom),(494)
(ntu),(494)
(nif),(494)
(coa),(493)
(ovi),(493)
(uis),(493)
(pop),(491)
(xc),(490)
(ska),(489)
(nap),(489)
(van),(489)
(enu),(489)
(mea),(488)
(yle),(488)
(ido),(488)
(urg),(486)
(lr),(484)
(ify),(484)
(rsw),(484)
(mmu),(484)
(unr),(484)
(une),(483)
(dss),(483)
(mus),(482)
(dsu),(482)
(wel),(482)
(cio),(481)
(iff),(481)
(sfu),(481)
(inv),(481)
(mpr),(480)
(gdi),(480)
(mba),(479)
(eop),(479)
(sdr),(479)
(alk),(478)
(ude),(478)
(sag),(477)
(tot),(477)
(org),(477)
(dca),(477)
(opr),(476)
(oug),(476)
(iq),(475)
(aga),(475)
(ddl),(475)
(yma),(474)
(neo),(474)
(lap),(474)
(by),(473)
(nme),(473)
(mmo),(473)
(eol),(473)
(ipa),(472)
(nna),(472)
(hri),(472)
(tz),(471)
(nj),(471)
(lsp),(471)
(fro),(470)
(oos),(469)
(tso),(469)
(eig),(468)
(sva),(468)
(gem),(467)
(wea),(467)
(aem),(466)
(ols),(466)
(nag),(466)
(ecl),(466)
(fri),(465)
(mbi),(465)
(imo),(464)
(cyc),(464)
(stm),(464)
(oes),(464)
(lve),(463)
(oul),(463)
(xy),(462)
(pte),(462)
(dol),(462)
(rho),(462)
(nki),(462)
(nim),(461)
(nfo),(461)
(lid),(459)
(dbe),(459)
(aso),(458)
(ylo),(458)
(bbi),(458)
(hys),(458)
(fir),(458)
(nli),(458)
(yde),(457)
(way),(457)
(lob),(456)
(lyr),(456)
(div),(456)
(nfi),(456)
(rbe),(455)
(mbr),(455)
(unb),(455)
(oad),(454)
(gni),(454)
(sgl),(454)
(aus),(453)
(agr),(453)
(aun),(453)
(eho),(452)
(lex),(452)
(nsf),(452)
(ao),(451)
(raf),(451)
(stf),(451)
(efa),(450)
(eld),(450)
(sai),(450)
(efl),(450)
(ldi),(448)
(opt),(448)
(oct),(448)
(lss),(448)
(rks),(447)
(hir),(447)
(ony),(447)
(iar),(447)
(idd),(446)
(icm),(446)
(ocr),(445)
(fli),(445)
(gsh),(444)
(tip),(444)
(exi),(443)
(dim),(443)
(wal),(442)
(nog),(442)
(rar),(442)
(plu),(442)
(hag),(441)
(ubs),(441)
(leo),(441)
(ji),(440)
(hw),(440)
(gsb),(440)
(ttl),(439)
(ml),(438)
(nct),(437)
(uar),(437)
(lst),(437)
(dba),(437)
(iab),(436)
(ebu),(436)
(lph),(435)
(ocu),(435)
(pyr),(435)
(oba),(433)
(hyt),(433)
(gmi),(433)
(bbe),(432)
(hte),(432)
(ulo),(431)
(iqu),(431)
(lom),(430)
(gul),(430)
(apt),(429)
(ewo),(429)
(hai),(428)
(dos),(428)
(hlo),(428)
(lib),(428)
(agn),(427)
(oop),(427)
(ogg),(427)
(rvi),(427)
(dse),(427)
(yv),(426)
(far),(426)
(ibe),(426)
(gsu),(426)
(ubl),(425)
(unk),(425)
(ydi),(425)
(sri),(425)
(exc),(425)
(rdo),(424)
(chu),(424)
(sum),(423)
(dul),(423)
(ndl),(423)
(iro),(423)
(stb),(423)
(lsc),(423)
(lse),(422)
(tme),(421)
(uil),(421)
(rof),(421)
(sgu),(420)
(pod),(419)
(lye),(419)
(nma),(419)
(mss),(419)
(ymo),(418)
(teo),(418)
(msa),(417)
(imb),(417)
(eye),(416)
(nfe),(416)
(nsb),(415)
(sib),(415)
(oms),(415)
(igi),(414)
(dam),(414)
(cry),(414)
(ebi),(414)
(mak),(413)
(ego),(413)
(emu),(413)
(tei),(412)
(lau),(412)
(oga),(412)
(exe),(412)
(rki),(412)
(dev),(411)
(hap),(411)
(doc),(410)
(adr),(410)
(ncr),(410)
(nz),(409)
(bir),(409)
(nio),(409)
(gna),(409)
(vil),(409)
(vir),(408)
(rci),(408)
(eha),(408)
(ird),(408)
(omy),(407)
(coo),(407)
(lef),(407)
(evo),(407)
(eud),(407)
(psi),(406)
(rtr),(406)
(rhe),(405)
(fol),(405)
(yne),(404)
(cab),(403)
(poi),(403)
(upp),(403)
(rsg),(403)
(hp),(402)
(lav),(402)
(cyt),(402)
(exa),(402)
(reh),(402)
(nno),(402)
(oil),(401)
(mai),(401)
(ssf),(401)
(kt),(400)
(twi),(400)
(ups),(400)
(var),(399)
(ask),(399)
(yno),(398)
(aj),(397)
(pou),(397)
(iet),(396)
(cet),(396)
(irc),(396)
(ypa),(396)
(uv),(395)
(abe),(394)
(eap),(394)
(orb),(394)
(icl),(394)
(gor),(394)
(lev),(394)
(hre),(394)
(dj),(393)
(abs),(393)
(yca),(393)
(swh),(393)
(lyb),(393)
(gbe),(393)
(sei),(392)
(ild),(392)
(eem),(391)
(ewe),(391)
(yph),(391)
(nha),(391)
(ugg),(391)
(urb),(391)
(dso),(390)
(nig),(390)
(epu),(390)
(vic),(389)
(unf),(389)
(cn),(388)
(tum),(388)
(dma),(388)
(loa),(388)
(msc),(388)
(loi),(387)
(git),(387)
(wit),(387)
(sdu),(387)
(eys),(386)
(ubb),(386)
(foo),(386)
(mop),(386)
(stw),(385)
(osm),(385)
(ulp),(385)
(nq),(384)
(heo),(384)
(cil),(383)
(ewi),(383)
(aur),(383)
(put),(383)
(dab),(382)
(ibr),(382)
(dog),(382)
(tib),(381)
(igg),(381)
(nex),(380)
(rpa),(380)
(nfl),(380)
(acu),(379)
(das),(379)
(rva),(379)
(iop),(379)
(avo),(379)
(moo),(379)
(utr),(378)
(ipl),(378)
(tyi),(378)
(yer),(377)
(mf),(376)
(pn),(376)
(rda),(376)
(aly),(376)
(ggl),(376)
(ysu),(376)
(cco),(375)
(pun),(375)
(hec),(375)
(ryo),(375)
(lca),(375)
(bet),(374)
(aer),(374)
(tir),(374)
(rla),(373)
(rha),(373)
(lyf),(373)
(fec),(372)
(irs),(371)
(ncl),(371)
(lme),(370)
(dsm),(370)
(tsf),(370)
(hc),(369)
(bst),(369)
(cip),(369)
(alg),(369)
(lue),(368)
(iel),(368)
(fan),(368)
(nqu),(368)
(sps),(368)
(bt),(367)
(uen),(367)
(cod),(367)
(igr),(367)
(whe),(367)
(unn),(367)
(cts),(366)
(inu),(366)
(iot),(365)
(hae),(365)
(urt),(365)
(lyg),(365)
(sru),(365)
(tma),(364)
(iph),(364)
(kil),(364)
(too),(364)
(eex),(364)
(dac),(363)
(raw),(363)
(ror),(363)
(egu),(363)
(teg),(363)
(ssb),(363)
(efr),(363)
(stt),(363)
(dsa),(362)
(axi),(362)
(eon),(362)
(hts),(361)
(vie),(361)
(uln),(361)
(ymi),(360)
(wom),(360)
(get),(360)
(ncu),(360)
(thu),(359)
(fus),(359)
(hun),(359)
(ssd),(359)
(sus),(358)
(yri),(358)
(mut),(358)
(rsn),(358)
(toi),(356)
(ipo),(356)
(aul),(356)
(owi),(356)
(ift),(356)
(cir),(356)
(was),(355)
(ppr),(355)
(mst),(355)
(bot),(354)
(eau),(354)
(blu),(353)
(gea),(353)
(obs),(353)
(iap),(352)
(shl),(352)
(rfe),(352)
(noi),(351)
(cog),(351)
(scy),(351)
(ssk),(351)
(bbl),(350)
(dig),(350)
(clu),(350)
(shr),(350)
(poo),(350)
(obb),(350)
(cca),(349)
(nle),(349)
(lds),(349)
(dpa),(349)
(erk),(349)
(vu),(348)
(new),(348)
(udo),(348)
(oor),(347)
(mpt),(347)
(irt),(347)
(phr),(347)
(ih),(346)
(mt),(346)
(cea),(346)
(sob),(346)
(rto),(346)
(ghe),(346)
(ysp),(346)
(zy),(345)
(lae),(345)
(obl),(345)
(rau),(345)
(hia),(344)
(osh),(344)
(deb),(344)
(pid),(344)
(kst),(344)
(nad),(343)
(rms),(343)
(nun),(343)
(oxy),(342)
(ait),(342)
(alb),(342)
(hne),(342)
(fur),(342)
(occ),(342)
(mse),(342)
(aq),(341)
(lw),(341)
(lsa),(341)
(ray),(341)
(lsi),(341)
(cd),(340)
(liv),(340)
(ocy),(340)
(obo),(340)
(mog),(340)
(ubi),(340)
(yna),(339)
(ttr),(339)
(wd),(338)
(kp),(338)
(tpr),(338)
(oda),(338)
(now),(338)
(yra),(338)
(aze),(337)
(rns),(337)
(aud),(337)
(gos),(336)
(owl),(336)
(onl),(335)
(aye),(335)
(ryc),(335)
(neg),(334)
(ody),(333)
(chs),(333)
(gua),(333)
(alf),(333)
(hau),(333)
(nvi),(333)
(std),(333)
(azi),(332)
(dwa),(332)
(via),(331)
(rtu),(331)
(oof),(331)
(cem),(331)
(tys),(330)
(hf),(329)
(ehy),(329)
(fun),(329)
(rno),(329)
(hur),(329)
(cau),(328)
(num),(328)
(dop),(328)
(fte),(328)
(wed),(328)
(rbu),(327)
(pee),(327)
(tsn),(327)
(oki),(326)
(gha),(326)
(dee),(326)
(dha),(326)
(zoo),(326)
(bis),(326)
(nhe),(326)
(xu),(325)
(fal),(325)
(tsw),(325)
(elt),(325)
(uer),(325)
(aug),(325)
(npo),(325)
(jec),(324)
(azo),(324)
(dif),(324)
(gio),(324)
(rfi),(324)
(gga),(324)
(nfa),(324)
(vas),(323)
(ysa),(323)
(yed),(323)
(ouc),(323)
(jac),(323)
(lur),(323)
(ppl),(323)
(twa),(322)
(awa),(322)
(ipi),(322)
(ffl),(322)
(tex),(322)
(isk),(322)
(sav),(322)
(icn),(322)
(gse),(322)
(kf),(321)
(dil),(321)
(rgo),(321)
(nla),(321)
(tyr),(321)
(cka),(320)
(nov),(320)
(eor),(320)
(luc),(320)
(sev),(320)
(kc),(319)
(npa),(319)
(kel),(319)
(lyh),(319)
(ckb),(318)
(miz),(318)
(gia),(318)
(hog),(318)
(dsb),(318)
(dch),(318)
(gsm),(318)
(pai),(317)
(kss),(317)
(iaa),(316)
(bos),(316)
(rwa),(316)
(yti),(316)
(ymp),(316)
(ksh),(316)
(sja),(316)
(iom),(315)
(coe),(315)
(doo),(315)
(elu),(315)
(alv),(315)
(ppo),(315)
(ccu),(314)
(fes),(314)
(msh),(314)
(tsl),(314)
(asu),(313)
(dys),(313)
(rlo),(313)
(hra),(313)
(esq),(313)
(tba),(313)
(hh),(312)
(anu),(312)
(phs),(312)
(oty),(312)
(ffs),(312)
(lmi),(312)
(dru),(312)
(nsg),(312)
(yso),(312)
(gsw),(312)
(ilt),(311)
(cad),(311)
(sir),(311)
(yll),(311)
(ube),(311)
(kw),(310)
(cac),(310)
(ipt),(310)
(rpl),(310)
(nks),(310)
(dex),(309)
(eut),(309)
(lsu),(309)
(uz),(308)
(km),(308)
(cei),(308)
(udd),(308)
(dmo),(307)
(igo),(307)
(kli),(307)
(nba),(307)
(uci),(306)
(dho),(306)
(kis),(306)
(tfu),(306)
(fed),(306)
(neb),(306)
(box),(306)
(tul),(305)
(enl),(305)
(ytr),(305)
(md),(304)
(hth),(304)
(isl),(304)
(etc),(304)
(snu),(304)
(gsl),(304)
(xtr),(303)
(chn),(303)
(bie),(302)
(glu),(302)
(ifo),(302)
(gol),(302)
(pc),(301)
(saf),(301)
(coi),(301)
(yar),(301)
(asb),(301)
(yel),(301)
(nsn),(301)
(nob),(300)
(xin),(300)
(sos),(300)
(tyc),(300)
(sym),(300)
(pap),(299)
(eps),(298)
(nid),(298)
(vid),(298)
(bc),(297)
(ahs),(297)
(upl),(297)
(inh),(297)
(vei),(297)
(riu),(296)
(etu),(296)
(dip),(296)
(fou),(296)
(tsg),(296)
(ux),(295)
(rpi),(295)
(eec),(295)
(tdi),(295)
(fen),(294)
(lfi),(294)
(onh),(294)
(nmi),(294)
(esj),(294)
(dtr),(294)
(pta),(293)
(hig),(293)
(fas),(293)
(adm),(293)
(ciz),(293)
(rgr),(293)
(teb),(293)
(fat),(293)
(bd),(292)
(eav),(292)
(hio),(292)
(ior),(292)
(lpa),(292)
(fel),(292)
(wb),(291)
(kar),(291)
(meg),(291)
(aes),(291)
(lyo),(291)
(msm),(291)
(mbu),(291)
(kee),(290)
(mad),(290)
(how),(290)
(shn),(290)
(nut),(290)
(enf),(290)
(gme),(289)
(deo),(289)
(dbo),(289)
(mec),(289)
(mpu),(289)
(pst),(289)
(unm),(289)
(hle),(288)
(mur),(288)
(tow),(288)
(nbe),(288)
(gca),(288)
(hac),(287)
(oup),(287)
(fyi),(287)
(wis),(287)
(gsr),(287)
(aid),(286)
(rwo),(286)
(ibu),(286)
(tut),(286)
(key),(286)
(ssr),(286)
(dk),(285)
(ceo),(285)
(lov),(285)
(nym),(285)
(rry),(285)
(rub),(285)
(ogo),(284)
(udg),(284)
(apr),(284)
(dsl),(284)
(odu),(283)
(pag),(283)
(eim),(283)
(ogn),(283)
(vea),(282)
(tus),(282)
(abr),(282)
(cci),(282)
(mem),(282)
(tud),(282)
(uno),(282)
(mh),(281)
(bru),(281)
(rup),(281)
(bun),(281)
(onu),(281)
(iam),(281)
(gil),(281)
(wri),(281)
(edv),(281)
(zl),(280)
(hod),(280)
(sgi),(280)
(seg),(280)
(lsh),(279)
(wan),(279)
(nho),(279)
(hme),(278)
(lch),(278)
(rfo),(278)
(exo),(278)
(lpr),(278)
(ova),(278)
(ney),(278)
(stg),(278)
(gho),(277)
(nbo),(277)
(unh),(277)
(rj),(276)
(oq),(276)
(cce),(276)
(dpo),(276)
(chm),(276)
(umo),(276)
(moc),(276)
(onb),(276)
(usm),(276)
(oac),(275)
(eff),(275)
(diz),(275)
(two),(275)
(rfu),(275)
(exu),(275)
(gur),(275)
(gru),(275)
(svo),(274)
(uce),(274)
(uba),(274)
(ggr),(274)
(pig),(274)
(iev),(273)
(hym),(273)
(pia),(273)
(gba),(273)
(egl),(273)
(icd),(273)
(pb),(272)
(mps),(272)
(dhe),(272)
(nul),(272)
(oqu),(272)
(lsb),(272)
(gsf),(272)
(abu),(271)
(uda),(271)
(ogu),(271)
(rmu),(271)
(utc),(271)
(gv),(270)
(eag),(270)
(tmi),(270)
(kno),(270)
(urf),(270)
(rfl),(270)
(lew),(270)
(apl),(270)
(vor),(270)
(ysc),(270)
(ntc),(270)
(tde),(270)
(vul),(269)
(voc),(269)
(ypi),(269)
(lma),(269)
(eov),(269)
(uet),(269)
(ulf),(269)
(esy),(269)
(vec),(268)
(dsi),(268)
(ltu),(267)
(lel),(267)
(irl),(267)
(vet),(267)
(npe),(267)
(aka),(266)
(adv),(266)
(bag),(266)
(ntd),(266)
(rcl),(265)
(hei),(265)
(aqu),(265)
(oub),(265)
(iog),(264)
(hiz),(264)
(rbl),(264)
(eit),(263)
(izz),(263)
(cht),(263)
(goo),(263)
(suc),(263)
(lno),(263)
(dla),(262)
(rbr),(262)
(nai),(262)
(seb),(262)
(rdr),(262)
(yal),(262)
(gsd),(262)
(shm),(261)
(lub),(261)
(lyl),(261)
(unw),(261)
(nuc),(261)
(ntp),(260)
(pad),(260)
(lod),(260)
(oen),(260)
(gir),(259)
(uan),(259)
(nei),(259)
(rrh),(259)
(cch),(259)
(wns),(259)
(sif),(259)
(bec),(258)
(ofi),(258)
(dus),(258)
(rfa),(258)
(teu),(258)
(lsm),(258)
(iec),(257)
(got),(257)
(rex),(257)
(cec),(257)
(deg),(257)
(stn),(256)
(ryi),(256)
(spy),(256)
(ngv),(256)
(tv),(255)
(bod),(255)
(ibb),(255)
(haw),(255)
(fts),(254)
(igu),(254)
(tef),(254)
(auc),(254)
(eir),(254)
(ddo),(253)
(rsk),(253)
(hno),(253)
(xte),(253)
(nfr),(253)
(tub),(253)
(gso),(253)
(tca),(253)
(gab),(252)
(hus),(252)
(rcr),(252)
(zon),(252)
(eos),(252)
(rya),(251)
(gsa),(251)
(cov),(251)
(odd),(251)
(hd),(250)
(yes),(250)
(dme),(250)
(ews),(250)
(kit),(250)
(pep),(250)
(urc),(250)
(ksc),(250)
(opy),(249)
(upt),(249)
(rly),(249)
(roe),(249)
(mni),(249)
(isb),(249)
(url),(249)
(pus),(249)
(rut),(249)
(twe),(248)
(law),(248)
(lmo),(248)
(dgi),(248)
(cif),(248)
(orl),(248)
(agu),(248)
(lfa),(247)
(hti),(247)
(dir),(247)
(nsw),(247)
(dsw),(247)
(dcr),(247)
(ii),(246)
(tpo),(246)
(yho),(246)
(rud),(246)
(uid),(246)
(inl),(246)
(csp),(246)
(smy),(246)
(wt),(245)
(bab),(245)
(ahe),(245)
(ley),(245)
(dve),(244)
(opu),(244)
(sod),(244)
(sef),(244)
(aya),(243)
(nur),(243)
(nfu),(243)
(dup),(243)
(eup),(243)
(ksp),(243)
(rae),(242)
(uco),(242)
(isu),(242)
(dei),(242)
(gbo),(242)
(mr),(241)
(pf),(241)
(enr),(241)
(iag),(241)
(had),(241)
(leh),(241)
(rhi),(241)
(eek),(241)
(tpa),(241)
(unl),(241)
(kk),(240)
(csa),(240)
(eom),(240)
(hoc),(239)
(fee),(239)
(owd),(239)
(dpe),(239)
(axe),(238)
(tox),(238)
(niu),(238)
(uad),(238)
(hid),(238)
(wil),(238)
(ybe),(238)
(anp),(238)
(dbr),(238)
(oj),(237)
(raz),(237)
(ety),(237)
(him),(237)
(mam),(237)
(eum),(237)
(arf),(237)
(nsv),(237)
(pm),(236)
(nae),(236)
(urd),(236)
(ulu),(236)
(dfa),(236)
(dai),(236)
(eoc),(236)
(gmo),(236)
(beg),(235)
(kab),(235)
(anl),(235)
(ysh),(235)
(syl),(235)
(nip),(235)
(gch),(235)
(lta),(234)
(oan),(234)
(nef),(234)
(gtr),(234)
(hma),(233)
(idg),(233)
(oxe),(233)
(psc),(233)
(xpe),(233)
(yz),(232)
(nwa),(232)
(otc),(232)
(tya),(232)
(nil),(232)
(nau),(232)
(rym),(232)
(ksb),(232)
(dgr),(232)
(ygr),(232)
(yhe),(232)
(olt),(231)
(iba),(231)
(iki),(231)
(enh),(231)
(tla),(231)
(zen),(231)
(ioc),(231)
(wha),(231)
(ryt),(231)
(rul),(231)
(nmo),(231)
(owa),(230)
(mir),(230)
(tak),(230)
(ogl),(229)
(gpo),(229)
(urp),(228)
(alr),(228)
(sua),(228)
(srh),(228)
(gpa),(227)
(ypt),(227)
(fit),(227)
(pso),(227)
(alh),(227)
(dfo),(227)
(dbl),(226)
(kha),(226)
(tup),(226)
(gk),(225)
(ims),(225)
(ygo),(225)
(lsd),(225)
(ebl),(224)
(sko),(224)
(isf),(224)
(sju),(224)
(dur),(223)
(nod),(223)
(day),(223)
(oic),(223)
(lso),(223)
(smp),(223)
(cg),(222)
(tad),(222)
(dno),(222)
(fea),(222)
(hly),(222)
(uga),(222)
(thm),(222)
(boy),(222)
(lyn),(222)
(yba),(222)
(olv),(221)
(dot),(221)
(eaf),(221)
(uel),(221)
(sot),(221)
(usu),(221)
(tod),(221)
(cav),(221)
(bj),(220)
(oit),(220)
(pip),(220)
(asg),(220)
(kd),(219)
(yas),(219)
(dum),(219)
(fib),(219)
(fet),(219)
(bee),(219)
(uas),(219)
(tfo),(219)
(yk),(218)
(gj),(218)
(oks),(218)
(fem),(218)
(zzl),(218)
(tbo),(218)
(rdl),(217)
(poc),(217)
(osu),(217)
(kal),(217)
(ntn),(217)
(tk),(216)
(dap),(216)
(lpe),(216)
(gyn),(216)
(ngk),(216)
(rru),(216)
(ulc),(216)
(dbu),(216)
(vag),(216)
(isd),(216)
(yex),(216)
(acy),(215)
(ivo),(215)
(bow),(215)
(aws),(214)
(hex),(214)
(cup),(214)
(siz),(214)
(rok),(214)
(adu),(213)
(sjo),(213)
(cb),(212)
(dyn),(212)
(yce),(212)
(ixe),(212)
(tax),(212)
(enz),(212)
(eot),(212)
(inm),(212)
(tov),(212)
(yac),(211)
(myc),(211)
(hoe),(211)
(cun),(211)
(buc),(211)
(ndb),(211)
(ubt),(211)
(bid),(210)
(rah),(210)
(dag),(210)
(erj),(210)
(lyw),(210)
(enb),(210)
(inp),(210)
(pss),(210)
(ssg),(210)
(msd),(210)
(tno),(210)
(yim),(210)
(ags),(209)
(uca),(209)
(ppa),(209)
(tfi),(209)
(uso),(209)
(seq),(209)
(tob),(208)
(ozo),(208)
(rak),(208)
(tmo),(208)
(agl),(208)
(xid),(208)
(gsi),(208)
(tau),(208)
(llb),(208)
(isr),(208)
(hib),(207)
(lth),(207)
(oal),(207)
(moi),(207)
(ryn),(207)
(fig),(207)
(ubc),(207)
(aha),(206)
(dlo),(206)
(urv),(206)
(inb),(206)
(yj),(205)
(egg),(205)
(sof),(205)
(oys),(205)
(ycr),(205)
(asd),(205)
(icg),(205)
(xis),(204)
(ryl),(204)
(aks),(204)
(iah),(204)
(wai),(204)
(mob),(204)
(nwo),(204)
(imu),(204)
(ync),(204)
(ybo),(204)
(kas),(203)
(idu),(203)
(gee),(203)
(fti),(203)
(gau),(203)
(oed),(202)
(nro),(202)
(who),(202)
(did),(202)
(rq),(201)
(dwo),(201)
(ntm),(201)
(dsn),(201)
(mig),(201)
(ucl),(201)
(ulg),(201)
(cow),(201)
(onk),(201)
(wk),(200)
(jun),(200)
(lvi),(200)
(eus),(200)
(idl),(200)
(kat),(200)
(lpo),(200)
(ybi),(200)
(elm),(199)
(vou),(199)
(deh),(199)
(vio),(199)
(lpi),(199)
(ogs),(199)
(anb),(199)
(pom),(199)
(iod),(199)
(hst),(199)
(zie),(199)
(ayi),(198)
(zar),(198)
(tym),(198)
(gog),(197)
(rui),(197)
(ady),(197)
(aeo),(197)
(ldo),(197)
(ptu),(197)
(eke),(197)
(rqu),(197)
(zep),(197)
(sky),(197)
(reu),(196)
(lva),(196)
(pow),(196)
(hep),(196)
(shb),(196)
(asl),(196)
(msb),(196)
(shs),(196)
(iae),(195)
(awn),(195)
(asy),(195)
(hsh),(195)
(nsk),(195)
(dpi),(195)
(rsv),(195)
(mab),(194)
(aim),(194)
(eny),(194)
(upr),(194)
(msi),(194)
(dda),(194)
(dfl),(194)
(jud),(194)
(fai),(194)
(ohe),(194)
(lud),(194)
(lre),(194)
(nnu),(194)
(tbe),(194)
(hli),(194)
(nvo),(194)
(rhy),(193)
(lba),(193)
(ghi),(193)
(coh),(193)
(lge),(193)
(eog),(193)
(oer),(193)
(wei),(193)
(ckp),(193)
(gdo),(193)
(oft),(192)
(eki),(192)
(gsg),(192)
(sae),(191)
(cic),(191)
(afe),(191)
(hwa),(191)
(lal),(191)
(mne),(191)
(saw),(191)
(dte),(191)
(gfo),(191)
(nra),(191)
(sew),(191)
(cya),(190)
(lts),(190)
(obu),(190)
(rgl),(190)
(emm),(190)
(liq),(190)
(dfi),(190)
(fru),(190)
(vab),(189)
(rox),(189)
(gwa),(189)
(dth),(189)
(thl),(189)
(elp),(189)
(odl),(189)
(ucc),(189)
(tcr),(189)
(hg),(188)
(iad),(188)
(xer),(188)
(vac),(188)
(amu),(188)
(giz),(188)
(anh),(188)
(nva),(188)
(gim),(188)
(lsr),(188)
(ocl),(187)
(zle),(187)
(igm),(187)
(gus),(187)
(arv),(187)
(dwi),(187)
(cys),(187)
(hoi),(186)
(nyl),(186)
(rgu),(186)
(xic),(186)
(mud),(186)
(uou),(186)
(enm),(186)
(dsf),(186)
(ngj),(186)
(dga),(185)
(oel),(185)
(xed),(185)
(irm),(185)
(ofe),(185)
(dau),(185)
(usk),(185)
(hss),(185)
(pw),(184)
(ued),(184)
(amy),(184)
(gad),(184)
(ems),(184)
(dsk),(184)
(upi),(184)
(isg),(184)
(nlo),(184)
(uph),(184)
(gsn),(184)
(pht),(183)
(euc),(183)
(xua),(183)
(sui),(183)
(tfl),(183)
(omn),(183)
(bm),(182)
(oas),(182)
(kne),(182)
(ief),(182)
(rwe),(182)
(tsk),(182)
(eil),(181)
(aed),(181)
(fid),(181)
(oet),(181)
(ynt),(181)
(toe),(181)
(teh),(181)
(dsr),(181)
(diu),(180)
(lki),(180)
(icb),(180)
(ckc),(180)
(tgr),(180)
(bse),(179)
(wle),(179)
(ipr),(179)
(dsd),(179)
(gum),(179)
(mov),(179)
(pne),(179)
(rpu),(179)
(owb),(179)
(rye),(179)
(dta),(179)
(iru),(178)
(soo),(178)
(tbr),(178)
(edj),(178)
(edk),(178)
(gpe),(178)
(cq),(177)
(idn),(177)
(myt),(177)
(yge),(177)
(cse),(177)
(req),(177)
(nbr),(177)
(tdo),(177)
(ahy),(177)
(yis),(176)
(aen),(176)
(yon),(176)
(fly),(176)
(ckh),(176)
(psh),(176)
(xh),(175)
(oya),(175)
(kan),(175)
(dad),(175)
(uld),(175)
(rtl),(175)
(lga),(175)
(ibo),(175)
(yfl),(175)
(sey),(174)
(osy),(174)
(rug),(174)
(enp),(174)
(utu),(174)
(lbi),(174)
(vep),(173)
(cno),(173)
(cqu),(173)
(rik),(173)
(hak),(173)
(wne),(173)
(lbo),(173)
(eev),(173)
(nny),(173)
(ngy),(173)
(gcr),(173)
(cph),(173)
(nri),(172)
(bum),(172)
(vee),(172)
(ybr),(172)
(pd),(171)
(taf),(171)
(rwi),(171)
(mom),(171)
(dcl),(171)
(eju),(171)
(rz),(170)
(nbu),(170)
(nav),(170)
(gsk),(170)
(tj),(169)
(wu),(169)
(ckf),(169)
(enw),(169)
(ryd),(169)
(ywa),(168)
(yop),(168)
(nkl),(168)
(wre),(168)
(onj),(168)
(tpe),(168)
(dmu),(167)
(lol),(167)
(luo),(167)
(uor),(167)
(gth),(167)
(viv),(167)
(sip),(167)
(neh),(167)
(cst),(167)
(loy),(166)
(uir),(166)
(pau),(166)
(aan),(166)
(lsf),(166)
(ysl),(166)
(wf),(165)
(bom),(165)
(bai),(165)
(big),(165)
(bsc),(165)
(ndy),(165)
(tlo),(165)
(ydo),(165)
(dwe),(165)
(npl),(165)
(mso),(165)
(psa),(164)
(tfa),(164)
(uzz),(164)
(lke),(164)
(azz),(164)
(ryb),(164)
(asr),(164)
(cko),(164)
(ksm),(164)
(cpa),(164)
(lyv),(164)
(zu),(163)
(ij),(163)
(gag),(163)
(ckw),(163)
(hyr),(163)
(dua),(163)
(tye),(163)
(nus),(162)
(awl),(162)
(yor),(162)
(utb),(162)
(utl),(162)
(esz),(162)
(any),(161)
(dry),(161)
(hmi),(161)
(sog),(161)
(seh),(161)
(nju),(161)
(bh),(160)
(aru),(160)
(yls),(160)
(noo),(160)
(pno),(160)
(yda),(160)
(uge),(160)
(gpi),(160)
(skn),(160)
(csc),(160)
(wm),(159)
(laz),(159)
(umu),(159)
(soa),(159)
(lhe),(159)
(oud),(159)
(uic),(159)
(wes),(159)
(adl),(158)
(itl),(158)
(dvi),(158)
(yga),(158)
(tyt),(158)
(gai),(157)
(aec),(157)
(pae),(157)
(rfr),(157)
(keb),(157)
(rey),(157)
(yps),(157)
(dto),(157)
(yfo),(157)
(mim),(157)
(bog),(157)
(hsc),(157)
(god),(157)
(bso),(156)
(ysm),(156)
(fau),(156)
(wag),(156)
(ilm),(156)
(yfa),(156)
(niv),(156)
(pog),(156)
(fam),(156)
(wir),(156)
(pru),(156)
(ghs),(156)
(osb),(156)
(epp),(156)
(hk),(155)
(pg),(155)
(oka),(155)
(acs),(155)
(cme),(155)
(adj),(155)
(lto),(155)
(aza),(155)
(mee),(155)
(tga),(155)
(bib),(155)
(dew),(155)
(gfl),(155)
(dsg),(155)
(ehi),(154)
(you),(154)
(ypl),(154)
(rej),(154)
(dpl),(154)
(odg),(154)
(gbu),(154)
(joi),(153)
(gap),(153)
(izo),(153)
(lci),(153)
(tth),(153)
(tok),(153)
(nev),(153)
(nbi),(153)
(yen),(153)
(nwi),(153)
(hsp),(153)
(lak),(152)
(myo),(152)
(oho),(152)
(oog),(152)
(lfu),(152)
(hif),(152)
(iew),(152)
(smc),(152)
(ssq),(152)
(gyp),(152)
(sya),(151)
(fia),(151)
(oze),(151)
(quo),(151)
(tev),(151)
(umc),(151)
(idc),(151)
(tyd),(151)
(msu),(151)
(szo),(151)
(jou),(150)
(yss),(150)
(acl),(150)
(adh),(150)
(yta),(150)
(ecy),(150)
(eez),(150)
(map),(150)
(goe),(150)
(awk),(150)
(tbl),(150)
(usb),(150)
(ndp),(150)
(gta),(150)
(anm),(150)
(psp),(150)
(gyr),(149)
(chb),(149)
(lbe),(149)
(tze),(149)
(ubr),(149)
(awe),(149)
(etb),(149)
(gex),(149)
(iw),(148)
(adb),(148)
(dib),(148)
(eid),(148)
(env),(148)
(xpl),(148)
(ckt),(148)
(gbr),(148)
(wc),(147)
(yab),(147)
(gep),(147)
(gte),(147)
(mle),(147)
(eze),(147)
(atl),(147)
(kma),(147)
(yha),(147)
(seo),(147)
(ndf),(146)
(gib),(146)
(edy),(146)
(gfi),(146)
(mg),(145)
(wp),(145)
(ddr),(145)
(noe),(145)
(otl),(145)
(tyf),(145)
(gup),(145)
(kni),(145)
(dbi),(145)
(bob),(145)
(mco),(145)
(cee),(144)
(xyl),(144)
(rty),(144)
(aic),(144)
(muc),(144)
(eja),(144)
(civ),(144)
(eob),(144)
(sht),(144)
(lks),(144)
(gfa),(144)
(msl),(144)
(mep),(144)
(iy),(143)
(mv),(143)
(etw),(143)
(ndm),(143)
(boi),(143)
(ilu),(143)
(uvi),(143)
(hbo),(143)
(lfo),(143)
(ifu),(143)
(hni),(143)
(ywo),(143)
(thw),(143)
(bem),(143)
(tbu),(143)
(lsn),(143)
(bba),(142)
(ika),(142)
(cub),(142)
(tae),(142)
(fix),(142)
(apu),(142)
(soi),(142)
(usf),(142)
(gto),(142)
(ybu),(142)
(thn),(142)
(tpl),(142)
(utp),(142)
(mw),(141)
(xs),(141)
(hav),(141)
(bje),(141)
(jur),(141)
(vem),(141)
(aet),(141)
(agm),(141)
(upa),(141)
(otu),(141)
(eeb),(141)
(ckr),(141)
(yfr),(141)
(ecc),(141)
(gbl),(141)
(zab),(140)
(yni),(140)
(xtu),(140)
(cef),(140)
(tew),(140)
(oxa),(140)
(xan),(140)
(wli),(140)
(dfr),(140)
(gcl),(140)
(lsg),(140)
(cdi),(140)
(dhi),(139)
(haf),(139)
(anf),(139)
(ypn),(139)
(uds),(139)
(ubm),(139)
(hru),(139)
(ckm),(139)
(itz),(139)
(urm),(139)
(lil),(139)
(sje),(139)
(kg),(138)
(fd),(138)
(toa),(138)
(lgi),(138)
(max),(138)
(elc),(138)
(vig),(138)
(nsy),(138)
(aho),(137)
(dva),(137)
(zol),(137)
(cne),(137)
(cty),(137)
(dju),(137)
(npi),(137)
(kho),(137)
(pub),(137)
(ilb),(137)
(ttu),(136)
(hoa),(136)
(cai),(136)
(lka),(136)
(lyz),(136)
(lho),(136)
(arh),(136)
(kbo),(136)
(ieb),(136)
(ewh),(136)
(utw),(136)
(ypu),(136)
(sku),(136)
(fc),(135)
(olf),(135)
(ifa),(135)
(lul),(135)
(deu),(135)
(acq),(135)
(afi),(135)
(owt),(135)
(cag),(135)
(inw),(135)
(mau),(135)
(nty),(135)
(ggo),(135)
(tcl),(135)
(oru),(135)
(vap),(135)
(kep),(135)
(zzi),(134)
(ofa),(134)
(gac),(134)
(ccl),(134)
(nka),(134)
(dfu),(134)
(igl),(134)
(lui),(134)
(inq),(134)
(ubo),(134)
(asn),(134)
(tsv),(134)
(dod),(133)
(fab),(133)
(voi),(133)
(bug),(133)
(rue),(133)
(ifl),(133)
(cae),(133)
(foc),(133)
(goi),(133)
(kid),(133)
(nly),(133)
(geb),(133)
(jam),(133)
(pio),(133)
(iks),(133)
(nph),(133)
(ndw),(133)
(dgo),(133)
(llm),(133)
(cpo),(133)
(ksf),(133)
(ymu),(133)
(suf),(133)
(smm),(133)
(sx),(132)
(kir),(132)
(rnu),(132)
(lfe),(132)
(lax),(132)
(nhy),(132)
(msf),(132)
(wra),(132)
(lug),(132)
(psu),(132)
(yvi),(132)
(syo),(132)
(uh),(131)
(bad),(131)
(gom),(131)
(kem),(131)
(poe),(131)
(tof),(131)
(iaz),(131)
(uee),(131)
(msr),(131)
(ixi),(130)
(utf),(130)
(oam),(130)
(aig),(130)
(eft),(130)
(rtm),(130)
(rdu),(130)
(say),(130)
(cob),(130)
(wie),(130)
(loq),(130)
(uj),(129)
(kam),(129)
(fon),(129)
(pay),(129)
(dfe),(129)
(ybl),(129)
(uve),(129)
(gec),(129)
(sow),(129)
(ilv),(129)
(yhy),(129)
(msn),(129)
(uy),(128)
(zea),(128)
(mix),(128)
(ffo),(128)
(hmo),(128)
(bud),(128)
(shp),(128)
(usd),(128)
(hba),(128)
(zze),(128)
(elv),(128)
(yfi),(128)
(ryr),(128)
(llf),(127)
(mok),(127)
(zan),(127)
(zel),(127)
(tdr),(127)
(bn),(126)
(oye),(126)
(uie),(126)
(lce),(126)
(nak),(126)
(gop),(126)
(ofl),(126)
(aum),(126)
(beh),(126)
(nwe),(126)
(mbs),(125)
(jus),(125)
(gut),(125)
(tty),(125)
(phu),(125)
(tav),(125)
(ssv),(125)
(cyp),(125)
(sdy),(125)
(eei),(124)
(bef),(124)
(odr),(124)
(lah),(124)
(lfs),(124)
(hov),(124)
(rvo),(124)
(sys),(124)
(xpo),(124)
(eef),(124)
(skr),(124)
(usr),(124)
(yad),(123)
(atm),(123)
(eic),(123)
(doe),(123)
(cim),(123)
(rps),(123)
(shw),(123)
(rwh),(123)
(gym),(123)
(hsm),(123)
(ntf),(123)
(sgy),(123)
(yve),(123)
(osk),(122)
(lda),(122)
(mah),(122)
(yot),(122)
(sug),(122)
(dwh),(122)
(cof),(122)
(yap),(121)
(asv),(121)
(oir),(121)
(yos),(121)
(zem),(121)
(lbu),(121)
(ieg),(121)
(mys),(121)
(awi),(121)
(rdb),(121)
(tyh),(121)
(meo),(121)
(ndc),(121)
(ipu),(121)
(sye),(121)
(gfr),(121)
(vy),(120)
(nya),(120)
(oec),(120)
(ldr),(120)
(lwa),(120)
(nua),(120)
(chc),(120)
(hut),(120)
(aup),(120)
(olk),(120)
(tyn),(120)
(bui),(119)
(hla),(119)
(dob),(119)
(lha),(119)
(mna),(119)
(yam),(119)
(tbi),(119)
(ryg),(119)
(xen),(119)
(hew),(119)
(nmu),(119)
(ceb),(118)
(heb),(118)
(kra),(118)
(xio),(118)
(olc),(118)
(orf),(118)
(ntb),(118)
(eof),(118)
(chp),(118)
(shc),(118)
(dti),(118)
(gbi),(118)
(usg),(118)
(sze),(118)
(hta),(117)
(cib),(117)
(atb),(117)
(rls),(117)
(jan),(116)
(xia),(116)
(bsi),(116)
(lcu),(116)
(tah),(116)
(kla),(116)
(vot),(116)
(kre),(116)
(ksl),(116)
(dcu),(116)
(inr),(116)
(zec),(116)
(dph),(116)
(utd),(116)
(tge),(116)
(fb),(115)
(ww),(115)
(wy),(115)
(aal),(115)
(onw),(115)
(hya),(115)
(ckn),(115)
(afa),(115)
(kon),(115)
(meb),(115)
(mum),(115)
(kba),(115)
(zyg),(115)
(tpi),(115)
(chw),(115)
(rhu),(115)
(sox),(115)
(feu),(115)
(web),(115)
(xim),(114)
(moe),(114)
(nhi),(114)
(ryf),(114)
(gda),(114)
(phl),(114)
(ndh),(114)
(cky),(114)
(gob),(114)
(wid),(114)
(ilk),(114)
(pup),(114)
(swr),(114)
(hsa),(113)
(ofo),(113)
(ffr),(113)
(uru),(113)
(maz),(113)
(eka),(113)
(eiv),(113)
(mli),(113)
(hfu),(113)
(fug),(113)
(fav),(113)
(ksd),(113)
(asf),(113)
(orh),(112)
(irk),(112)
(mei),(112)
(isn),(112)
(ceu),(112)
(atf),(112)
(ezi),(112)
(vey),(112)
(xam),(112)
(cpr),(112)
(ksr),(112)
(cf),(111)
(fh),(111)
(yq),(111)
(eea),(111)
(aep),(111)
(dox),(111)
(hiv),(111)
(oko),(111)
(wni),(111)
(gti),(111)
(inj),(111)
(ycu),(111)
(stv),(111)
(rsq),(111)
(gpl),(111)
(exh),(111)
(gig),(111)
(bf),(110)
(bv),(110)
(yx),(110)
(goa),(110)
(ahi),(110)
(ako),(110)
(aym),(110)
(shf),(110)
(yau),(110)
(jum),(110)
(ayl),(110)
(kro),(110)
(nib),(110)
(tfr),(110)
(tfe),(110)
(ovo),(110)
(yng),(110)
(ygl),(110)
(csm),(110)
(idp),(110)
(dq),(109)
(veg),(109)
(yea),(109)
(icy),(109)
(aik),(109)
(giv),(109)
(etl),(109)
(gmu),(109)
(cmo),(109)
(lsw),(109)
(yqu),(109)
(thf),(109)
(eox),(109)
(sut),(109)
(xpr),(109)
(rsj),(109)
(tyu),(109)
(rka),(108)
(bak),(108)
(tts),(108)
(dna),(108)
(ugs),(108)
(roz),(108)
(peo),(108)
(peg),(108)
(cyb),(108)
(otb),(108)
(ulk),(108)
(dqu),(108)
(iny),(108)
(ptr),(108)
(erq),(108)
(tpu),(108)
(mye),(108)
(lsl),(108)
(bp),(107)
(ksa),(107)
(pab),(107)
(gid),(107)
(kto),(107)
(oak),(107)
(lfr),(107)
(loe),(107)
(ulm),(107)
(ksi),(107)
(gwo),(107)
(anq),(107)
(zet),(107)
(pco),(107)
(pud),(107)
(qa),(106)
(mio),(106)
(zym),(106)
(ajo),(106)
(vai),(106)
(aty),(106)
(gaz),(106)
(llw),(106)
(tyo),(106)
(idr),(106)
(roy),(106)
(ywi),(106)
(mno),(106)
(kso),(106)
(gwi),(106)
(wig),(106)
(etf),(106)
(olp),(106)
(ubd),(106)
(ehu),(106)
(vr),(105)
(aar),(105)
(abd),(105)
(fuc),(105)
(rix),(105)
(wav),(105)
(msg),(105)
(ury),(105)
(uke),(105)
(owr),(105)
(gef),(105)
(eod),(105)
(utg),(105)
(dhy),(105)
(emy),(104)
(gya),(104)
(luv),(104)
(lux),(104)
(pam),(104)
(kou),(104)
(ymb),(104)
(igs),(104)
(rek),(104)
(hwo),(104)
(bif),(104)
(obt),(104)
(dpu),(104)
(css),(104)
(gq),(103)
(anr),(103)
(boc),(103)
(nir),(103)
(rtw),(103)
(tui),(103)
(ksu),(103)
(bco),(102)
(nyc),(102)
(yci),(102)
(ffa),(102)
(kic),(102)
(jet),(102)
(ozi),(102)
(tuc),(102)
(haz),(102)
(taw),(102)
(wak),(102)
(ooz),(102)
(mew),(102)
(tmu),(102)
(cpe),(102)
(apy),(101)
(ddy),(101)
(kea),(101)
(jar),(101)
(veo),(101)
(amn),(101)
(egm),(101)
(yva),(101)
(ayb),(101)
(nja),(101)
(nik),(101)
(hto),(101)
(ysw),(101)
(obj),(101)
(ooc),(101)
(npu),(101)
(gph),(101)
(usv),(101)
(rdw),(100)
(cui),(100)
(hok),(100)
(kai),(100)
(umn),(100)
(ruf),(100)
(yfu),(100)
(hyg),(100)
(hco),(100)
(skl),(100)
(xon),(100)
(tzi),(100)
(wad),(100)
(ipc),(100)
(yov),(100)
(veu),(100)
(nx),(99)
(mk),(99)
(pts),(99)
(dae),(99)
(ddu),(99)
(tuo),(99)
(fut),(99)
(lwo),(99)
(liu),(99)
(llp),(99)
(kec),(99)
(nhu),(99)
(cth),(99)
(pug),(99)
(yfe),(99)
(aby),(98)
(mae),(98)
(hha),(98)
(kos),(98)
(anz),(98)
(ubu),(98)
(oob),(98)
(ckd),(98)
(dki),(98)
(gwh),(98)
(psw),(98)
(yir),(98)
(dz),(97)
(wab),(97)
(lhy),(97)
(pei),(97)
(arw),(97)
(nzo),(97)
(fei),(97)
(ntw),(97)
(kew),(97)
(kwa),(97)
(naz),(97)
(kch),(97)
(pok),(97)
(ysn),(97)
(ysy),(97)
(htl),(97)
(etp),(97)
(pum),(97)
(yet),(97)
(osr),(97)
(wol),(96)
(viz),(96)
(obr),(96)
(pik),(96)
(xat),(96)
(htf),(96)
(ffu),(96)
(eyi),(96)
(won),(96)
(nze),(96)
(iep),(96)
(ayo),(96)
(kse),(96)
(ksw),(96)
(ewr),(96)
(omf),(96)
(hyo),(96)
(ngq),(96)
(gqu),(96)
(ulv),(96)
(icf),(96)
(xil),(95)
(dyl),(95)
(zza),(95)
(euk),(95)
(aja),(95)
(lro),(95)
(ohi),(95)
(xie),(95)
(ntt),(95)
(eje),(95)
(ueb),(95)
(owh),(95)
(rsy),(95)
(yat),(95)
(kwo),(95)
(dsy),(95)
(gsy),(95)
(fos),(95)
(ppy),(95)
(psm),(95)
(osg),(95)
(unu),(95)
(lq),(94)
(aux),(94)
(nof),(94)
(rld),(94)
(yag),(94)
(llh),(94)
(lmu),(94)
(uip),(94)
(tik),(94)
(rur),(94)
(ywh),(94)
(job),(94)
(kfi),(94)
(keh),(94)
(kna),(94)
(bep),(94)
(gfe),(94)
(nbl),(94)
(dgu),(94)
(mdi),(94)
(cyi),(94)
(fum),(94)
(fp),(93)
(uea),(93)
(naf),(93)
(doi),(93)
(orw),(93)
(rkl),(93)
(eaz),(93)
(elb),(93)
(mif),(93)
(tna),(93)
(paw),(93)
(owm),(93)
(ilg),(93)
(cma),(93)
(yoc),(93)
(dni),(93)
(smh),(93)
(gpu),(93)
(rnm),(92)
(kim),(92)
(lgo),(92)
(iem),(92)
(hik),(92)
(zee),(92)
(klo),(92)
(dyi),(92)
(owc),(92)
(umd),(92)
(lgr),(92)
(bei),(91)
(aea),(91)
(idh),(91)
(dja),(91)
(rja),(91)
(jug),(91)
(oea),(91)
(hyc),(91)
(ejo),(91)
(kor),(91)
(emn),(91)
(hsb),(91)
(oje),(91)
(wse),(91)
(umf),(91)
(mca),(91)
(ilf),(91)
(dgl),(91)
(sji),(91)
(tq),(90)
(eya),(90)
(rax),(90)
(utm),(90)
(ccr),(90)
(kun),(90)
(adw),(90)
(gei),(90)
(lua),(90)
(cak),(90)
(llc),(90)
(ooi),(90)
(syp),(90)
(mip),(90)
(tyb),(90)
(xci),(90)
(ryh),(90)
(yhi),(90)
(dhu),(90)
(pk),(89)
(ixt),(89)
(bap),(89)
(sks),(89)
(idy),(89)
(iko),(89)
(afo),(89)
(heg),(89)
(huc),(89)
(hay),(89)
(tay),(89)
(psb),(89)
(idt),(89)
(edq),(89)
(ksk),(89)
(lra),(89)
(kef),(89)
(cso),(89)
(gwe),(89)
(tyv),(89)
(szi),(89)
(etm),(88)
(ylu),(88)
(ofu),(88)
(hul),(88)
(lps),(88)
(axo),(88)
(eio),(88)
(ygi),(88)
(iao),(88)
(eks),(88)
(osd),(88)
(yak),(88)
(adc),(88)
(adg),(88)
(gey),(88)
(lir),(88)
(bby),(88)
(kag),(88)
(yol),(88)
(ilc),(88)
(hpo),(88)
(ksg),(88)
(ynd),(87)
(epy),(87)
(llt),(87)
(omu),(87)
(elh),(87)
(sue),(87)
(hse),(87)
(wst),(87)
(rdc),(87)
(tcu),(87)
(goc),(87)
(tgu),(87)
(fad),(87)
(due),(87)
(tph),(87)
(unv),(87)
(jas),(86)
(uki),(86)
(oha),(86)
(zeb),(86)
(myl),(86)
(ntg),(86)
(njo),(86)
(nje),(86)
(yob),(86)
(lqu),(86)
(ywe),(86)
(tda),(86)
(gye),(86)
(sza),(86)
(heu),(85)
(roh),(85)
(zoi),(85)
(vib),(85)
(ebb),(85)
(lcr),(85)
(uml),(85)
(tqu),(85)
(ryw),(85)
(hso),(85)
(yru),(85)
(pav),(85)
(lsk),(85)
(smt),(85)
(myr),(85)
(daf),(84)
(laf),(84)
(zas),(84)
(sak),(84)
(wro),(84)
(ucu),(84)
(ghb),(84)
(ekn),(84)
(kri),(84)
(hev),(84)
(ghu),(84)
(shd),(84)
(gdr),(84)
(cps),(84)
(uty),(83)
(akh),(83)
(wif),(83)
(zil),(83)
(wsh),(83)
(roj),(83)
(awb),(83)
(pma),(83)
(ndd),(83)
(nru),(83)
(enk),(83)
(tsq),(83)
(csy),(83)
(afr),(82)
(agh),(82)
(lld),(82)
(eyo),(82)
(eul),(82)
(yze),(82)
(nky),(82)
(kap),(82)
(eaw),(82)
(khe),(82)
(ggy),(82)
(tgo),(82)
(hug),(82)
(bew),(82)
(tuf),(82)
(xce),(82)
(ubj),(82)
(ghy),(82)
(gev),(82)
(vv),(81)
(axa),(81)
(eae),(81)
(caf),(81)
(irp),(81)
(isy),(81)
(gfu),(81)
(urk),(81)
(twh),(81)
(dtu),(81)
(nub),(81)
(dye),(81)
(iya),(80)
(dah),(80)
(fog),(80)
(iin),(80)
(ply),(80)
(mre),(80)
(ymm),(80)
(atw),(80)
(bop),(80)
(egn),(80)
(ldu),(80)
(kum),(80)
(yog),(80)
(smn),(80)
(lz),(79)
(cz),(79)
(ozz),(79)
(bdo),(79)
(ugi),(79)
(aku),(79)
(gae),(79)
(lbr),(79)
(aml),(79)
(wam),(79)
(sud),(79)
(fth),(79)
(wba),(79)
(wic),(79)
(lfl),(79)
(cud),(79)
(owf),(79)
(ayt),(79)
(xti),(79)
(mef),(79)
(ndn),(79)
(xpa),(79)
(otp),(79)
(skh),(79)
(zoa),(78)
(ytu),(78)
(afl),(78)
(idm),(78)
(mch),(78)
(asq),(78)
(ezo),(78)
(ugu),(78)
(aub),(78)
(upb),(78)
(ooe),(78)
(jol),(78)
(ayf),(78)
(ksn),(78)
(owp),(78)
(xac),(78)
(oum),(78)
(cym),(78)
(smd),(78)
(jer),(78)
(ilp),(78)
(gys),(78)
(kia),(77)
(ihi),(77)
(bam),(77)
(bbo),(77)
(tiu),(77)
(cyl),(77)
(raj),(77)
(noa),(77)
(llr),(77)
(rgy),(77)
(mtr),(77)
(thb),(77)
(kpi),(77)
(mfo),(77)
(rdm),(77)
(atp),(77)
(upc),(77)
(pyc),(77)
(bte),(77)
(anw),(77)
(psg),(77)
(gvi),(77)
(gsq),(77)
(xf),(76)
(bay),(76)
(maa),(76)
(raa),(76)
(uac),(76)
(dya),(76)
(kol),(76)
(ofs),(76)
(lpl),(76)
(lox),(76)
(lms),(76)
(cew),(76)
(kur),(76)
(pme),(76)
(orv),(76)
(etn),(76)
(ugl),(76)
(sby),(76)
(rkn),(76)
(kop),(76)
(hye),(76)
(uu),(75)
(fta),(75)
(bys),(75)
(cmi),(75)
(kad),(75)
(ohy),(75)
(adf),(75)
(ioe),(75)
(nup),(75)
(tsy),(75)
(oap),(75)
(ysb),(75)
(ulb),(75)
(kbu),(75)
(adt),(75)
(rdy),(75)
(hho),(75)
(bau),(75)
(odc),(75)
(jig),(75)
(umt),(75)
(maj),(75)
(lfd),(75)
(nys),(75)
(ydu),(75)
(erz),(75)
(fw),(74)
(uab),(74)
(taa),(74)
(lek),(74)
(ucr),(74)
(pim),(74)
(uks),(74)
(kbe),(74)
(cku),(74)
(ndg),(74)
(pbo),(74)
(yhu),(74)
(olm),(74)
(may),(74)
(csh),(74)
(bdu),(73)
(mho),(73)
(itm),(73)
(wth),(73)
(tih),(73)
(iob),(73)
(uiv),(73)
(oww),(73)
(ouk),(73)
(hbr),(73)
(xec),(73)
(soe),(73)
(ggu),(73)
(jor),(73)
(gcu),(73)
(psl),(73)
(nsj),(73)
(ubp),(73)
(cv),(72)
(aas),(72)
(uko),(72)
(irb),(72)
(irg),(72)
(htr),(72)
(rtz),(72)
(oie),(72)
(daw),(72)
(eyb),(72)
(wen),(72)
(cbi),(72)
(mfi),(72)
(mpy),(72)
(tve),(72)
(stk),(72)
(osl),(72)
(psd),(72)
(jin),(72)
(joy),(72)
(rlu),(72)
(wss),(72)
(psr),(72)
(fss),(72)
(vs),(71)
(bg),(71)
(xb),(71)
(itp),(71)
(hah),(71)
(hch),(71)
(xit),(71)
(pty),(71)
(ndt),(71)
(egs),(71)
(vau),(71)
(gaw),(71)
(rnb),(71)
(kta),(71)
(chh),(71)
(oyl),(71)
(umv),(71)
(gva),(71)
(xor),(71)
(asz),(71)
(nsq),(71)
(xm),(70)
(yy),(70)
(sax),(70)
(rdn),(70)
(oyi),(70)
(oem),(70)
(uai),(70)
(dvo),(70)
(gyo),(70)
(rtn),(70)
(lln),(70)
(bip),(70)
(mla),(70)
(ewt),(70)
(bah),(70)
(awd),(70)
(smb),(70)
(oov),(70)
(odw),(70)
(onq),(70)
(pox),(70)
(rtc),(70)
(hsu),(70)
(six),(70)
(isj),(70)
(ymn),(70)
(kip),(70)
(ius),(69)
(pyl),(69)
(gew),(69)
(aam),(69)
(gay),(69)
(ubv),(69)
(hca),(69)
(hpa),(69)
(wls),(69)
(wax),(69)
(kdo),(69)
(ael),(69)
(lup),(69)
(anj),(69)
(ayw),(69)
(wde),(69)
(rdf),(69)
(dke),(69)
(ayc),(69)
(xco),(69)
(neq),(69)
(xl),(68)
(mug),(68)
(lof),(68)
(csi),(68)
(rtf),(68)
(wto),(68)
(odb),(68)
(bim),(68)
(wbo),(68)
(mmy),(68)
(rao),(68)
(tgl),(68)
(mde),(68)
(yem),(68)
(nwr),(68)
(yep),(68)
(shg),(68)
(lj),(67)
(aac),(67)
(nyi),(67)
(lty),(67)
(foi),(67)
(uag),(67)
(xem),(67)
(isw),(67)
(daz),(67)
(oei),(67)
(chf),(67)
(bha),(67)
(zot),(67)
(itf),(67)
(hyb),(67)
(hsi),(67)
(hsl),(67)
(byt),(67)
(aol),(67)
(nuf),(67)
(nud),(67)
(gja),(67)
(ryv),(67)
(csu),(67)
(icv),(67)
(msv),(67)
(bw),(66)
(wg),(66)
(djo),(66)
(vow),(66)
(agy),(66)
(hup),(66)
(eyc),(66)
(otm),(66)
(ezz),(66)
(chd),(66)
(rml),(66)
(ccy),(66)
(kti),(66)
(ioi),(66)
(etg),(66)
(enj),(66)
(hwe),(66)
(eeg),(66)
(jes),(66)
(uep),(66)
(dce),(66)
(hsk),(66)
(fm),(65)
(veb),(65)
(gav),(65)
(kyl),(65)
(bry),(65)
(nox),(65)
(pov),(65)
(ogm),(65)
(tiq),(65)
(duo),(65)
(arq),(65)
(ldb),(65)
(zli),(65)
(fst),(65)
(uec),(65)
(ouf),(65)
(wsp),(65)
(yki),(65)
(meu),(65)
(eyp),(65)
(dci),(65)
(eug),(65)
(odp),(65)
(mhe),(65)
(tyg),(65)
(tek),(65)
(bmi),(65)
(gve),(65)
(rbs),(64)
(ieu),(64)
(dje),(64)
(adn),(64)
(iai),(64)
(ayd),(64)
(uka),(64)
(aeu),(64)
(wet),(64)
(ckg),(64)
(lsy),(64)
(dym),(64)
(knu),(64)
(dub),(64)
(eeh),(64)
(eyl),(64)
(vex),(64)
(rdh),(64)
(wou),(64)
(ygu),(64)
(wap),(64)
(htw),(64)
(wsc),(64)
(eew),(64)
(imn),(64)
(hry),(64)
(kul),(64)
(lyj),(64)
(xal),(63)
(adp),(63)
(mfu),(63)
(veh),(63)
(nzi),(63)
(nzy),(63)
(ppu),(63)
(cde),(63)
(vad),(63)
(yur),(63)
(btr),(63)
(thh),(63)
(tht),(63)
(tva),(63)
(hbu),(63)
(fsc),(63)
(alq),(63)
(pew),(63)
(fag),(63)
(ysk),(63)
(pif),(63)
(rju),(63)
(tsj),(63)
(gsj),(63)
(tvi),(63)
(gsv),(63)
(rpt),(62)
(uot),(62)
(gdu),(62)
(nko),(62)
(yeb),(62)
(iur),(62)
(saz),(62)
(itb),(62)
(kco),(62)
(rtb),(62)
(gow),(62)
(wsi),(62)
(bca),(62)
(otf),(62)
(piz),(62)
(elw),(62)
(lsv),(62)
(keg),(62)
(msw),(62)
(oag),(61)
(bub),(61)
(mya),(61)
(dav),(61)
(nza),(61)
(miu),(61)
(iha),(61)
(ceg),(61)
(saq),(61)
(csb),(61)
(asw),(61)
(kib),(61)
(boe),(61)
(kpo),(61)
(odm),(61)
(ooh),(61)
(mto),(61)
(buf),(61)
(mte),(61)
(jag),(61)
(sxe),(61)
(doa),(60)
(eia),(60)
(ioa),(60)
(kah),(60)
(mez),(60)
(kya),(60)
(ihe),(60)
(opm),(60)
(geh),(60)
(ldl),(60)
(tni),(60)
(dof),(60)
(xha),(60)
(umh),(60)
(thc),(60)
(puc),(60)
(ipm),(60)
(ysd),(60)
(cge),(60)
(dsq),(60)
(stj),(60)
(hsn),(60)
(qi),(59)
(zh),(59)
(gz),(59)
(itn),(59)
(kak),(59)
(cah),(59)
(irn),(59)
(xop),(59)
(eoi),(59)
(iho),(59)
(anv),(59)
(cyn),(59)
(rmc),(59)
(moz),(59)
(toh),(59)
(owo),(59)
(xot),(59)
(dyb),(59)
(cba),(59)
(elr),(59)
(chg),(59)
(ilh),(59)
(bok),(59)
(eym),(59)
(koo),(59)
(xcu),(59)
(yke),(59)
(cox),(59)
(eif),(59)
(pyg),(59)
(uiz),(59)
(tki),(59)
(zei),(59)
(ugn),(59)
(exs),(59)
(pef),(59)
(yja),(59)
(sml),(59)
(fg),(58)
(kv),(58)
(uq),(58)
(upu),(58)
(egy),(58)
(uxi),(58)
(kom),(58)
(alw),(58)
(geu),(58)
(keo),(58)
(oym),(58)
(cly),(58)
(wau),(58)
(awo),(58)
(ayr),(58)
(htu),(58)
(lfh),(58)
(psk),(58)
(csd),(58)
(zor),(58)
(bti),(58)
(gnu),(58)
(osf),(58)
(shh),(58)
(vam),(58)
(smr),(58)
(pys),(58)
(bss),(58)
(ctn),(57)
(uem),(57)
(aat),(57)
(gaf),(57)
(aos),(57)
(ahu),(57)
(nah),(57)
(efs),(57)
(nyp),(57)
(pem),(57)
(auf),(57)
(naw),(57)
(ldf),(57)
(nkn),(57)
(onz),(57)
(utz),(57)
(ubf),(57)
(xcl),(57)
(pye),(57)
(ycy),(57)
(tdu),(57)
(upg),(57)
(upo),(56)
(ryu),(56)
(eai),(56)
(ymy),(56)
(oui),(56)
(nui),(56)
(lix),(56)
(shk),(56)
(kme),(56)
(syi),(56)
(wnl),(56)
(evu),(56)
(dlu),(56)
(luf),(56)
(dik),(56)
(oxo),(56)
(toy),(56)
(coy),(56)
(otw),(56)
(ynu),(56)
(ysf),(56)
(geg),(56)
(wsw),(56)
(kbi),(55)
(ylp),(55)
(lgu),(55)
(mro),(55)
(wim),(55)
(kly),(55)
(kpa),(55)
(kca),(55)
(amf),(55)
(yup),(55)
(kke),(55)
(ouv),(55)
(ahm),(55)
(cuc),(55)
(rdp),(55)
(fco),(55)
(aev),(55)
(rnf),(55)
(ieh),(55)
(elk),(55)
(smf),(55)
(kys),(55)
(msk),(55)
(nue),(54)
(iau),(54)
(aor),(54)
(oyo),(54)
(thp),(54)
(odh),(54)
(bta),(54)
(tja),(54)
(zit),(54)
(ldc),(54)
(huf),(54)
(yec),(54)
(syu),(54)
(bk),(53)
(hv),(53)
(hq),(53)
(kj),(53)
(lgl),(53)
(ixa),(53)
(ifs),(53)
(lna),(53)
(ozy),(53)
(biv),(53)
(yom),(53)
(jap),(53)
(eiz),(53)
(bve),(53)
(hef),(53)
(iwa),(53)
(gyb),(53)
(ojo),(53)
(toz),(53)
(olb),(53)
(kfl),(53)
(kup),(53)
(dek),(53)
(rnl),(53)
(roq),(53)
(atn),(53)
(rwr),(53)
(kei),(53)
(kfu),(53)
(zeh),(53)
(gyc),(53)
(rje),(53)
(xyg),(53)
(keu),(53)
(cdy),(53)
(mha),(53)
(ntv),(53)
(csn),(53)
(yah),(52)
(laa),(52)
(baz),(52)
(bdi),(52)
(ibs),(52)
(elg),(52)
(rmy),(52)
(biz),(52)
(gns),(52)
(cdo),(52)
(foa),(52)
(twr),(52)
(nyo),(52)
(rfs),(52)
(uef),(52)
(zeo),(52)
(pba),(52)
(kcr),(52)
(kda),(52)
(atg),(52)
(wbe),(52)
(opn),(52)
(psf),(52)
(nek),(52)
(eeu),(52)
(yju),(52)
(gki),(52)
(myp),(52)
(yvo),(52)
(cpy),(52)
(zs),(51)
(mz),(51)
(bsu),(51)
(bae),(51)
(ugo),(51)
(iry),(51)
(jee),(51)
(amc),(51)
(itd),(51)
(tza),(51)
(uak),(51)
(rmp),(51)
(oex),(51)
(apb),(51)
(rkb),(51)
(hub),(51)
(hhe),(51)
(vef),(51)
(iof),(51)
(itw),(51)
(kwe),(51)
(mra),(51)
(udl),(51)
(pki),(51)
(pca),(51)
(fox),(51)
(msy),(51)
(hdo),(51)
(vok),(51)
(ysg),(51)
(bsp),(51)
(nlu),(51)
(szy),(51)
(fsp),(51)
(gke),(51)
(hsw),(51)
(fn),(50)
(eah),(50)
(wac),(50)
(yms),(50)
(kot),(50)
(lpu),(50)
(eik),(50)
(nyt),(50)
(ssj),(50)
(ayn),(50)
(kbr),(50)
(kfa),(50)
(pak),(50)
(rdd),(50)
(ohu),(50)
(xca),(50)
(jon),(50)
(lfc),(50)
(tey),(50)
(fsh),(50)
(ayp),(50)
(upf),(50)
(hsd),(50)
(ilr),(50)
(ayh),(50)
(ysr),(50)
(tvo),(50)
(zef),(50)
(otg),(50)
(unq),(50)
(tci),(49)
(zzo),(49)
(kka),(49)
(zal),(49)
(eyw),(49)
(meh),(49)
(umr),(49)
(kus),(49)
(bma),(49)
(hpr),(49)
(gyl),(49)
(ocs),(49)
(awh),(49)
(azu),(49)
(wsb),(49)
(ldm),(49)
(nwh),(49)
(odf),(49)
(oep),(49)
(mfl),(49)
(pgr),(49)
(pch),(49)
(mcr),(49)
(cyr),(49)
(xag),(49)
(xto),(49)
(csg),(49)
(asj),(49)
(zam),(49)
(pj),(48)
(mj),(48)
(xta),(48)
(sah),(48)
(euv),(48)
(hiu),(48)
(waf),(48)
(rez),(48)
(oku),(48)
(dyo),(48)
(nvu),(48)
(ebs),(48)
(hbl),(48)
(oim),(48)
(etd),(48)
(osn),(48)
(yie),(48)
(hpi),(48)
(wca),(48)
(ctc),(48)
(pwa),(48)
(yok),(48)
(hsg),(48)
(rjo),(48)
(uam),(47)
(buz),(47)
(rua),(47)
(ylc),(47)
(noh),(47)
(ciu),(47)
(uxe),(47)
(eza),(47)
(ehs),(47)
(mlo),(47)
(xur),(47)
(ija),(47)
(hfi),(47)
(cue),(47)
(yaw),(47)
(kpr),(47)
(joc),(47)
(etz),(47)
(baw),(47)
(bde),(47)
(eln),(47)
(akt),(47)
(gci),(47)
(isq),(47)
(yod),(47)
(yzo),(47)
(dnu),(47)
(kov),(47)
(wnt),(47)
(opc),(47)
(pwo),(47)
(sek),(47)
(ldw),(47)
(spn),(47)
(dud),(47)
(jel),(47)
(dut),(47)
(dwr),(47)
(hmu),(47)
(yjo),(47)
(tlu),(47)
(dtw),(47)
(zb),(46)
(juv),(46)
(nkt),(46)
(emt),(46)
(tii),(46)
(jos),(46)
(hfo),(46)
(rko),(46)
(wks),(46)
(kru),(46)
(fow),(46)
(wdi),(46)
(rdt),(46)
(gif),(46)
(vom),(46)
(rrs),(46)
(soz),(46)
(pbr),(46)
(ckk),(46)
(unj),(46)
(yof),(46)
(bme),(46)
(eyn),(46)
(mvi),(46)
(cev),(46)
(fha),(46)
(ayg),(46)
(fde),(46)
(zom),(46)
(pdr),(46)
(fse),(46)
(nug),(46)
(zip),(46)
(zeg),(46)
(oik),(46)
(lyq),(46)
(stz),(46)
(svu),(46)
(kay),(45)
(baa),(45)
(nry),(45)
(ctl),(45)
(ceh),(45)
(ecs),(45)
(eyd),(45)
(cua),(45)
(pyo),(45)
(maf),(45)
(ahh),(45)
(irw),(45)
(akl),(45)
(hbe),(45)
(amt),(45)
(zop),(45)
(hbi),(45)
(wwo),(45)
(awf),(45)
(opb),(45)
(wki),(45)
(rkh),(45)
(tgi),(45)
(gof),(45)
(bez),(45)
(fue),(45)
(iei),(45)
(niq),(45)
(lbl),(45)
(dyc),(45)
(yoi),(45)
(dkn),(45)
(vip),(45)
(rnt),(45)
(hcr),(45)
(hfl),(45)
(auv),(45)
(spt),(45)
(gyt),(45)
(ofr),(45)
(tke),(45)
(mhy),(45)
(gtu),(45)
(esx),(45)
(icz),(45)
(zw),(44)
(naa),(44)
(uia),(44)
(chk),(44)
(yly),(44)
(aiv),(44)
(akk),(44)
(xos),(44)
(myg),(44)
(kok),(44)
(klu),(44)
(aei),(44)
(hua),(44)
(hdr),(44)
(cye),(44)
(ldt),(44)
(hui),(44)
(nay),(44)
(uku),(44)
(peb),(44)
(kbl),(44)
(kki),(44)
(ogh),(44)
(wma),(44)
(hpe),(44)
(pfu),(44)
(pyp),(44)
(wnd),(44)
(zeu),(44)
(yeu),(44)
(ubg),(44)
(mth),(44)
(awm),(44)
(pyt),(44)
(rgh),(43)
(apn),(43)
(myd),(43)
(idf),(43)
(wso),(43)
(oio),(43)
(aji),(43)
(moa),(43)
(vos),(43)
(amr),(43)
(noy),(43)
(hqu),(43)
(uei),(43)
(giu),(43)
(kaw),(43)
(zid),(43)
(ipb),(43)
(htb),(43)
(kyb),(43)
(nkb),(43)
(wme),(43)
(bev),(43)
(bik),(43)
(thd),(43)
(uze),(43)
(wsm),(43)
(omc),(43)
(vew),(43)
(cuf),(43)
(amd),(43)
(upd),(43)
(leq),(43)
(xpu),(43)
(sgh),(43)
(hyh),(43)
(kyp),(43)
(oeo),(43)
(jaw),(43)
(gjo),(43)
(tju),(43)
(psn),(43)
(syr),(43)
(zk),(42)
(xr),(42)
(uja),(42)
(zis),(42)
(bey),(42)
(hlu),(42)
(htm),(42)
(aiz),(42)
(lri),(42)
(oeb),(42)
(yza),(42)
(nkh),(42)
(hox),(42)
(rmf),(42)
(tue),(42)
(oau),(42)
(buy),(42)
(fsb),(42)
(syb),(42)
(rih),(42)
(rdg),(42)
(rsz),(42)
(atd),(42)
(rgs),(42)
(jay),(42)
(iek),(42)
(hcl),(42)
(gju),(42)
(coz),(42)
(rir),(42)
(cyd),(42)
(iak),(42)
(ysq),(42)
(teq),(42)
(yid),(42)
(nkf),(42)
(cpl),(42)
(wun),(42)
(zc),(41)
(hj),(41)
(zia),(41)
(bju),(41)
(zos),(41)
(aia),(41)
(jut),(41)
(uva),(41)
(feb),(41)
(aag),(41)
(ftw),(41)
(dak),(41)
(aap),(41)
(wiv),(41)
(fak),(41)
(alz),(41)
(ueu),(41)
(hde),(41)
(efy),(41)
(hfa),(41)
(bek),(41)
(hna),(41)
(voy),(41)
(ayu),(41)
(kfo),(41)
(idb),(41)
(wsu),(41)
(hda),(41)
(wfi),(41)
(bsh),(41)
(xpi),(41)
(fuz),(41)
(uod),(41)
(opf),(41)
(xcr),(41)
(mta),(41)
(rkm),(41)
(ewf),(41)
(xhi),(41)
(hga),(41)
(yrr),(41)
(khi),(41)
(cmy),(41)
(gvo),(41)
(zd),(40)
(bsa),(40)
(haa),(40)
(nkr),(40)
(ltl),(40)
(biu),(40)
(ffy),(40)
(aje),(40)
(rza),(40)
(loz),(40)
(avy),(40)
(owy),(40)
(iav),(40)
(wnb),(40)
(okb),(40)
(wco),(40)
(bej),(40)
(osw),(40)
(bpr),(40)
(ksy),(40)
(ygm),(40)
(owk),(40)
(ulw),(40)
(lwi),(40)
(hhi),(40)
(hyn),(40)
(mex),(40)
(mfa),(40)
(upm),(40)
(mdo),(40)
(eeq),(40)
(hsf),(40)
(lvo),(40)
(idw),(40)
(ttw),(40)
(wsr),(40)
(sny),(40)
(ctp),(40)
(gtw),(40)
(hka),(39)
(doz),(39)
(iaf),(39)
(htn),(39)
(ecd),(39)
(nku),(39)
(eyf),(39)
(pyi),(39)
(syt),(39)
(vod),(39)
(luk),(39)
(kmo),(39)
(rnw),(39)
(wur),(39)
(peu),(39)
(olg),(39)
(uft),(39)
(buk),(39)
(mik),(39)
(pfi),(39)
(rkt),(39)
(lcl),(39)
(pcl),(39)
(gwr),(39)
(ipf),(39)
(rcy),(39)
(nkp),(39)
(dcy),(39)
(rkr),(39)
(pfr),(39)
(sgn),(39)
(cex),(39)
(rze),(39)
(cga),(39)
(eyh),(39)
(osv),(39)
(fys),(39)
(ytw),(39)
(kac),(38)
(noz),(38)
(deq),(38)
(uos),(38)
(lky),(38)
(atz),(38)
(rmb),(38)
(owg),(38)
(koi),(38)
(beb),(38)
(llg),(38)
(rny),(38)
(lyk),(38)
(eee),(38)
(mly),(38)
(odt),(38)
(oml),(38)
(eey),(38)
(dyw),(38)
(oxs),(38)
(dyk),(38)
(ulr),(38)
(hgr),(38)
(fsk),(38)
(rtt),(38)
(heq),(38)
(iku),(38)
(umg),(38)
(mve),(38)
(cuo),(38)
(ywr),(38)
(agd),(38)
(mda),(38)
(epf),(38)
(pix),(38)
(isv),(38)
(awp),(38)
(hey),(38)
(gyh),(38)
(wov),(38)
(wiz),(38)
(xw),(37)
(vl),(37)
(mq),(37)
(iwi),(37)
(sok),(37)
(bho),(37)
(bne),(37)
(bov),(37)
(taz),(37)
(duk),(37)
(yaf),(37)
(lni),(37)
(hty),(37)
(oyn),(37)
(ifr),(37)
(nyb),(37)
(eoa),(37)
(foe),(37)
(hpl),(37)
(xol),(37)
(azy),(37)
(agb),(37)
(ldh),(37)
(wke),(37)
(mki),(37)
(riq),(37)
(wdr),(37)
(jab),(37)
(jew),(37)
(kth),(37)
(ghl),(37)
(oxh),(37)
(uny),(37)
(xyp),(37)
(mdu),(37)
(pdo),(37)
(uum),(37)
(pey),(37)
(wsf),(37)
(rkf),(37)
(exf),(37)
(gip),(37)
(hki),(37)
(fyr),(37)
(smg),(37)
(upw),(37)
(stq),(37)
(vev),(37)
(rkp),(37)
(php),(37)
(hsr),(37)
(ngz),(37)
(zm),(36)
(gaa),(36)
(sik),(36)
(wla),(36)
(aef),(36)
(pah),(36)
(xap),(36)
(loh),(36)
(tez),(36)
(eko),(36)
(nih),(36)
(nyh),(36)
(lej),(36)
(hdi),(36)
(wip),(36)
(avu),(36)
(kof),(36)
(kcl),(36)
(ffb),(36)
(wds),(36)
(zoc),(36)
(eml),(36)
(vvi),(36)
(von),(36)
(opw),(36)
(usy),(36)
(mfe),(36)
(ekk),(36)
(iln),(36)
(ffc),(36)
(nuo),(36)
(hud),(36)
(tkn),(36)
(oev),(36)
(rtg),(36)
(ivu),(36)
(muf),(36)
(nye),(36)
(mek),(36)
(odn),(36)
(pmo),(36)
(yil),(36)
(ixo),(36)
(oja),(36)
(myx),(36)
(tps),(36)
(nsz),(36)
(oua),(35)
(dyt),(35)
(yee),(35)
(viu),(35)
(iox),(35)
(iid),(35)
(cig),(35)
(mci),(35)
(ihu),(35)
(ihy),(35)
(tao),(35)
(uav),(35)
(uif),(35)
(ufi),(35)
(moy),(35)
(ufa),(35)
(zaz),(35)
(pbe),(35)
(ikk),(35)
(ekl),(35)
(ijo),(35)
(wdo),(35)
(oeu),(35)
(omr),(35)
(ilw),(35)
(htc),(35)
(rnc),(35)
(pue),(35)
(fuf),(35)
(mce),(35)
(fsd),(35)
(tka),(35)
(olh),(35)
(coq),(35)
(rkw),(35)
(opd),(35)
(pda),(35)
(pth),(35)
(egh),(35)
(yev),(35)
(lfp),(35)
(ghh),(35)
(eyt),(35)
(obv),(35)
(lsq),(35)
(crh),(35)
(ipw),(35)
(zp),(34)
(daa),(34)
(iis),(34)
(abh),(34)
(abn),(34)
(bye),(34)
(suk),(34)
(jim),(34)
(gah),(34)
(iml),(34)
(orz),(34)
(ypy),(34)
(lwe),(34)
(dyp),(34)
(ygy),(34)
(oza),(34)
(mav),(34)
(wdl),(34)
(bsb),(34)
(ogb),(34)
(yit),(34)
(agw),(34)
(uvr),(34)
(lmy),(34)
(awt),(34)
(hgo),(34)
(muz),(34)
(lok),(34)
(ogt),(34)
(omt),(34)
(kmi),(34)
(lhi),(34)
(hwh),(34)
(zap),(34)
(oig),(34)
(few),(34)
(oue),(34)
(yef),(34)
(soy),(34)
(gyg),(34)
(gje),(34)
(cgl),(34)
(wnu),(34)
(puk),(34)
(kek),(34)
(eow),(34)
(lsj),(34)
(ykn),(34)
(smv),(34)
(xd),(33)
(xg),(33)
(fk),(33)
(pya),(33)
(boh),(33)
(ohm),(33)
(jis),(33)
(ekt),(33)
(lko),(33)
(yzi),(33)
(inx),(33)
(exy),(33)
(ovu),(33)
(oyc),(33)
(poa),(33)
(nuk),(33)
(vah),(33)
(ugm),(33)
(vif),(33)
(yya),(33)
(kdr),(33)
(nkc),(33)
(haj),(33)
(gka),(33)
(arz),(33)
(rzi),(33)
(mey),(33)
(ogp),(33)
(jal),(33)
(usq),(33)
(kte),(33)
(lwh),(33)
(kyc),(33)
(afs),(33)
(arj),(33)
(fdi),(33)
(bch),(33)
(bcl),(33)
(ctd),(33)
(feo),(33)
(jit),(33)
(ctm),(33)
(vim),(33)
(fif),(33)
(lff),(33)
(moh),(33)
(yrm),(33)
(nmy),(33)
(dps),(33)
(hz),(32)
(uw),(32)
(xn),(32)
(kao),(32)
(aab),(32)
(tjo),(32)
(abj),(32)
(rii),(32)
(aeg),(32)
(fsa),(32)
(irf),(32)
(khu),(32)
(xys),(32)
(dey),(32)
(fne),(32)
(tce),(32)
(nax),(32)
(laq),(32)
(zur),(32)
(kwi),(32)
(peh),(32)
(eoz),(32)
(rmw),(32)
(fhe),(32)
(uxo),(32)
(aww),(32)
(kpe),(32)
(amw),(32)
(awc),(32)
(lnu),(32)
(ivv),(32)
(ckj),(32)
(jea),(32)
(okk),(32)
(wbr),(32)
(byr),(32)
(dgy),(32)
(voo),(32)
(ftr),(32)
(nix),(32)
(jej),(32)
(cni),(32)
(dji),(32)
(ctf),(32)
(rnp),(32)
(ftl),(32)
(mqu),(32)
(bsd),(32)
(gyd),(32)
(rtd),(32)
(pwi),(32)
(zig),(32)
(dzo),(32)
(sej),(32)
(zev),(32)
(itg),(32)
(dsj),(32)
(pek),(32)
(swu),(32)
(yrh),(32)
(bno),(31)
(ftm),(31)
(gry),(31)
(ahl),(31)
(gnm),(31)
(yxe),(31)
(yxi),(31)
(afu),(31)
(xig),(31)
(ddh),(31)
(osq),(31)
(anx),(31)
(nxi),(31)
(fty),(31)
(eji),(31)
(dyd),(31)
(rky),(31)
(xel),(31)
(ktr),(31)
(nji),(31)
(jib),(31)
(zzy),(31)
(ubh),(31)
(bsl),(31)
(ogw),(31)
(rzo),(31)
(eby),(31)
(mof),(31)
(kyt),(31)
(ukk),(31)
(eoe),(31)
(tnu),(31)
(utn),(31)
(obn),(31)
(mwa),(31)
(fyd),(31)
(uji),(31)
(wnr),(31)
(yeq),(31)
(fim),(31)
(csl),(31)
(eyg),(31)
(osz),(31)
(amh),(31)
(yje),(31)
(gkn),(31)
(kmu),(31)
(nps),(31)
(rx),(30)
(aie),(30)
(aau),(30)
(xas),(30)
(ylg),(30)
(yus),(30)
(oae),(30)
(ipy),(30)
(yae),(30)
(fiv),(30)
(gao),(30)
(irh),(30)
(gak),(30)
(cay),(30)
(lcy),(30)
(guo),(30)
(uey),(30)
(nyw),(30)
(aou),(30)
(iez),(30)
(rpy),(30)
(taq),(30)
(rmt),(30)
(hke),(30)
(tej),(30)
(xoc),(30)
(kpl),(30)
(ldn),(30)
(lll),(30)
(aky),(30)
(okl),(30)
(ueg),(30)
(gyi),(30)
(okm),(30)
(wye),(30)
(bbu),(30)
(koe),(30)
(wnc),(30)
(rkc),(30)
(ufl),(30)
(mwo),(30)
(gce),(30)
(xch),(30)
(vre),(30)
(mva),(30)
(mcl),(30)
(cok),(30)
(uoi),(30)
(apd),(30)
(otd),(30)
(wte),(30)
(kko),(30)
(wfa),(30)
(oji),(30)
(pez),(30)
(hpu),(30)
(htp),(30)
(pfo),(30)
(lpy),(30)
(xod),(30)
(pga),(30)
(cgy),(30)
(phh),(30)
(hhu),(30)
(jai),(30)
(kut),(30)
(wmo),(30)
(maw),(30)
(ffp),(30)
(fsu),(30)
(dsv),(30)
(tsz),(30)
(mfr),(29)
(wsa),(29)
(bhe),(29)
(jad),(29)
(caj),(29)
(hoy),(29)
(aai),(29)
(doh),(29)
(tiw),(29)
(yic),(29)
(pex),(29)
(waw),(29)
(kgr),(29)
(ldy),(29)
(dyh),(29)
(ewb),(29)
(fud),(29)
(iax),(29)
(biq),(29)
(dyg),(29)
(ouz),(29)
(oxt),(29)
(wnh),(29)
(fyc),(29)
(tyw),(29)
(hek),(29)
(pyh),(29)
(puf),(29)
(ewl),(29)
(aoi),(29)
(ipd),(29)
(ewd),(29)
(ghf),(29)
(ubn),(29)
(mka),(29)
(heh),(29)
(jui),(29)
(fsg),(29)
(nyg),(29)
(myh),(29)
(ryj),(29)
(jau),(29)
(jaz),(29)
(dka),(29)
(kyr),(29)
(yum),(29)
(pmi),(29)
(fsw),(29)
(zt),(28)
(pv),(28)
(dgm),(28)
(byi),(28)
(acm),(28)
(aad),(28)
(kaf),(28)
(oia),(28)
(irv),(28)
(rct),(28)
(bof),(28)
(hyi),(28)
(toj),(28)
(auk),(28)
(xom),(28)
(xym),(28)
(byl),(28)
(eej),(28)
(sbh),(28)
(oey),(28)
(wpi),(28)
(okr),(28)
(kev),(28)
(ewp),(28)
(obd),(28)
(tug),(28)
(siu),(28)
(aip),(28)
(mwh),(28)
(fdo),(28)
(oow),(28)
(usw),(28)
(wsd),(28)
(joh),(28)
(sdh),(28)
(dih),(28)
(yew),(28)
(fev),(28)
(nok),(28)
(fiz),(28)
(pfl),(28)
(ulh),(28)
(jah),(28)
(lpt),(28)
(ycn),(28)
(fyp),(28)
(icq),(28)
(fsr),(28)
(lrh),(28)
(sxy),(28)
(edz),(28)
(jj),(27)
(cw),(27)
(vog),(27)
(hms),(27)
(ptn),(27)
(zad),(27)
(aeb),(27)
(agp),(27)
(mow),(27)
(mox),(27)
(mri),(27)
(ieo),(27)
(apf),(27)
(maq),(27)
(oky),(27)
(ewn),(27)
(eax),(27)
(jil),(27)
(jub),(27)
(tuk),(27)
(wti),(27)
(akf),(27)
(fry),(27)
(ggs),(27)
(wof),(27)
(owu),(27)
(wly),(27)
(akd),(27)
(wnf),(27)
(pbu),(27)
(pry),(27)
(atk),(27)
(myi),(27)
(avv),(27)
(piu),(27)
(oyd),(27)
(rtp),(27)
(ipg),(27)
(bvi),(27)
(yul),(27)
(lih),(27)
(aom),(27)
(kik),(27)
(hoh),(27)
(gji),(27)
(amk),(27)
(idv),(27)
(vra),(27)
(tzo),(27)
(btu),(27)
(yty),(27)
(usz),(27)
(msq),(27)
(drh),(27)
(wot),(27)
(czo),(27)
(vn),(26)
(caa),(26)
(bce),(26)
(oaf),(26)
(xip),(26)
(yct),(26)
(hof),(26)
(nxe),(26)
(zio),(26)
(hwi),(26)
(rmh),(26)
(wgr),(26)
(yav),(26)
(byc),(26)
(udb),(26)
(zai),(26)
(igy),(26)
(ewu),(26)
(pwe),(26)
(rnh),(26)
(omw),(26)
(wno),(26)
(uly),(26)
(aoc),(26)
(pcr),(26)
(dyf),(26)
(xib),(26)
(imc),(26)
(apw),(26)
(evr),(26)
(xts),(26)
(oyp),(26)
(wnp),(26)
(wnw),(26)
(nyd),(26)
(htd),(26)
(ogf),(26)
(bfu),(26)
(fef),(26)
(yeg),(26)
(ltz),(26)
(xfo),(26)
(xul),(26)
(rnn),(26)
(pgi),(26)
(dyu),(26)
(wmi),(26)
(ghp),(26)
(ghw),(26)
(cvi),(26)
(mao),(26)
(zir),(26)
(piq),(26)
(ylv),(26)
(cx),(25)
(tcy),(25)
(bbr),(25)
(bvo),(25)
(dok),(25)
(cyo),(25)
(kyd),(25)
(xme),(25)
(arx),(25)
(vax),(25)
(rcs),(25)
(oby),(25)
(uaw),(25)
(liw),(25)
(lkl),(25)
(ltw),(25)
(udr),(25)
(ltm),(25)
(ikh),(25)
(kgu),(25)
(xbo),(25)
(wow),(25)
(uha),(25)
(lzo),(25)
(amg),(25)
(iit),(25)
(ylt),(25)
(ffh),(25)
(bto),(25)
(wsl),(25)
(dej),(25)
(ohn),(25)
(uol),(25)
(aex),(25)
(csf),(25)
(wsg),(25)
(kgo),(25)
(utk),(25)
(mih),(25)
(tyj),(25)
(bsk),(25)
(uxu),(25)
(hsy),(25)
(dmy),(25)
(yxo),(25)
(bsn),(25)
(npy),(25)
(kyw),(25)
(sxa),(25)
(xx),(24)
(qs),(24)
(xv),(24)
(bda),(24)
(xab),(24)
(pni),(24)
(cey),(24)
(fto),(24)
(agt),(24)
(aju),(24)
(hnu),(24)
(nns),(24)
(pob),(24)
(iju),(24)
(izu),(24)
(imy),(24)
(uap),(24)
(pfe),(24)
(pui),(24)
(uaf),(24)
(dui),(24)
(wfu),(24)
(xse),(24)
(byp),(24)
(kve),(24)
(akb),(24)
(dug),(24)
(ylb),(24)
(baj),(24)
(ldp),(24)
(fma),(24)
(lfb),(24)
(uib),(24)
(axp),(24)
(ueh),(24)
(oxc),(24)
(ndj),(24)
(ezy),(24)
(omh),(24)
(urh),(24)
(wah),(24)
(apm),(24)
(beo),(24)
(vae),(24)
(fft),(24)
(xiv),(24)
(wpa),(24)
(mcu),(24)
(thg),(24)
(eip),(24)
(rmm),(24)
(nez),(24)
(xho),(24)
(yeo),(24)
(cfe),(24)
(kkn),(24)
(kif),(24)
(ytt),(24)
(mge),(24)
(yow),(24)
(soh),(24)
(gug),(24)
(nkw),(24)
(aop),(24)
(ksj),(24)
(alj),(24)
(msj),(24)
(yuk),(24)
(lez),(24)
(ziz),(24)
(sqa),(24)
(wwi),(24)
(saa),(23)
(acn),(23)
(akr),(23)
(ltc),(23)
(khs),(23)
(raq),(23)
(rij),(23)
(rxi),(23)
(kae),(23)
(lao),(23)
(hdu),(23)
(rmr),(23)
(zag),(23)
(aue),(23)
(faw),(23)
(oyb),(23)
(ebt),(23)
(mib),(23)
(mwe),(23)
(uqu),(23)
(vyi),(23)
(oyf),(23)
(hyu),(23)
(zif),(23)
(ufo),(23)
(lru),(23)
(mml),(23)
(piv),(23)
(urw),(23)
(shv),(23)
(zac),(23)
(phc),(23)
(mpc),(23)
(mpf),(23)
(ewc),(23)
(zah),(23)
(lkm),(23)
(eky),(23)
(vro),(23)
(bfo),(23)
(bwo),(23)
(wob),(23)
(miq),(23)
(rnd),(23)
(wfo),(23)
(uju),(23)
(cza),(23)
(nkd),(23)
(btl),(23)
(rmd),(23)
(ikr),(23)
(wop),(23)
(mev),(23)
(xhu),(23)
(bsf),(23)
(fsf),(23)
(ldg),(23)
(lkw),(23)
(fov),(23)
(jog),(23)
(goy),(23)
(ghr),(23)
(mgr),(23)
(utv),(23)
(jok),(23)
(cna),(23)
(gmy),(23)
(cmu),(23)
(htt),(23)
(pym),(23)
(nrh),(23)
(ixp),(23)
(icx),(23)
(msz),(23)
(baf),(22)
(bjo),(22)
(yei),(22)
(ooa),(22)
(eux),(22)
(fbe),(22)
(zum),(22)
(iex),(22)
(iwo),(22)
(uon),(22)
(hyx),(22)
(axy),(22)
(awr),(22)
(zox),(22)
(byb),(22)
(mpb),(22)
(jak),(22)
(ptc),(22)
(rby),(22)
(umk),(22)
(xaz),(22)
(rdk),(22)
(pbl),(22)
(kja),(22)
(kye),(22)
(mby),(22)
(uzi),(22)
(whu),(22)
(oxl),(22)
(mhi),(22)
(lkh),(22)
(syw),(22)
(ogc),(22)
(hph),(22)
(caw),(22)
(huk),(22)
(mvo),(22)
(exl),(22)
(ctt),(22)
(xsa),(22)
(pde),(22)
(ipn),(22)
(eku),(22)
(lft),(22)
(ikt),(22)
(ghn),(22)
(wpl),(22)
(udu),(22)
(sdw),(22)
(syg),(22)
(feg),(22)
(xsu),(22)
(eyr),(22)
(ktu),(22)
(gty),(22)
(opg),(22)
(imt),(22)
(gub),(22)
(guy),(22)
(osj),(22)
(kpu),(22)
(tji),(22)
(etk),(22)
(isz),(22)
(jr),(21)
(tx),(21)
(oab),(21)
(dzi),(21)
(ahc),(21)
(ahk),(21)
(iyo),(21)
(thq),(21)
(hii),(21)
(poz),(21)
(hvi),(21)
(kau),(21)
(ahn),(21)
(oju),(21)
(wry),(21)
(xli),(21)
(xma),(21)
(fba),(21)
(ftb),(21)
(iji),(21)
(oxb),(21)
(cgo),(21)
(igt),(21)
(wup),(21)
(udy),(21)
(fbo),(21)
(vve),(21)
(xfi),(21)
(cbr),(21)
(zew),(21)
(wnm),(21)
(lzi),(21)
(uhu),(21)
(apc),(21)
(iej),(21)
(etv),(21)
(mlu),(21)
(fsi),(21)
(oif),(21)
(uim),(21)
(ffd),(21)
(aif),(21)
(omd),(21)
(awg),(21)
(emd),(21)
(eui),(21)
(kdi),(21)
(pib),(21)
(pof),(21)
(ydy),(21)
(paz),(21)
(geq),(21)
(fsl),(21)
(cyf),(21)
(feh),(21)
(ugr),(21)
(awy),(21)
(hge),(21)
(inz),(21)
(fyt),(21)
(mga),(21)
(ffg),(21)
(bsm),(21)
(cgr),(21)
(ndk),(21)
(dyr),(21)
(kej),(21)
(muk),(21)
(mym),(21)
(puz),(21)
(dpy),(21)
(csr),(21)
(aak),(20)
(abk),(20)
(uxa),(20)
(wna),(20)
(dds),(20)
(kod),(20)
(kiv),(20)
(imf),(20)
(aio),(20)
(orj),(20)
(xya),(20)
(zim),(20)
(xyc),(20)
(yny),(20)
(iey),(20)
(iut),(20)
(pps),(20)
(uae),(20)
(ueo),(20)
(ryk),(20)
(oav),(20)
(wwa),(20)
(ahb),(20)
(kga),(20)
(aht),(20)
(gko),(20)
(eue),(20)
(epb),(20)
(fca),(20)
(lvu),(20)
(obc),(20)
(ehm),(20)
(okc),(20)
(kde),(20)
(oxf),(20)
(fbr),(20)
(ewm),(20)
(nkm),(20)
(wnn),(20)
(mpk),(20)
(fho),(20)
(hcu),(20)
(ftc),(20)
(mbc),(20)
(hao),(20)
(udf),(20)
(emc),(20)
(yld),(20)
(bnu),(20)
(rji),(20)
(wpo),(20)
(mpp),(20)
(miv),(20)
(oiz),(20)
(zoe),(20)
(mwi),(20)
(xog),(20)
(olw),(20)
(yoe),(20)
(vov),(20)
(aon),(20)
(rmn),(20)
(cfl),(20)
(hgu),(20)
(lkt),(20)
(qin),(20)
(fwa),(20)
(kow),(20)
(ghm),(20)
(ylm),(20)
(psj),(20)
(jeo),(20)
(kym),(20)
(phm),(20)
(tmy),(20)
(cpi),(20)
(xre),(20)
(ixs),(20)
(gzi),(20)
(wz),(19)
(jn),(19)
(zf),(19)
(iea),(19)
(aqa),(19)
(ahd),(19)
(yai),(19)
(oai),(19)
(saj),(19)
(jow),(19)
(vav),(19)
(iun),(19)
(hoz),(19)
(hij),(19)
(iim),(19)
(cao),(19)
(uye),(19)
(eaq),(19)
(naq),(19)
(uxb),(19)
(beq),(19)
(zzb),(19)
(mbd),(19)
(hfr),(19)
(vvy),(19)
(igw),(19)
(okp),(19)
(mup),(19)
(adk),(19)
(ruv),(19)
(buo),(19)
(bup),(19)
(ixc),(19)
(epc),(19)
(yuc),(19)
(pja),(19)
(ghc),(19)
(oax),(19)
(hue),(19)
(bcu),(19)
(rkd),(19)
(epd),(19)
(epg),(19)
(epn),(19)
(opk),(19)
(bni),(19)
(aee),(19)
(moj),(19)
(kio),(19)
(veq),(19)
(xah),(19)
(xhe),(19)
(fff),(19)
(ahr),(19)
(hyf),(19)
(fay),(19)
(kyf),(19)
(bna),(19)
(zog),(19)
(lfw),(19)
(fsm),(19)
(xyt),(19)
(usj),(19)
(suj),(19)
(jot),(19)
(lju),(19)
(ofw),(19)
(epm),(19)
(tzs),(19)
(ahp),(19)
(bsr),(19)
(wos),(19)
(asx),(19)
(kq),(18)
(zv),(18)
(zn),(18)
(ylh),(18)
(aib),(18)
(phn),(18)
(ltp),(18)
(zhe),(18)
(zob),(18)
(nck),(18)
(ygd),(18)
(axx),(18)
(iwe),(18)
(fap),(18)
(xar),(18)
(iov),(18)
(xle),(18)
(rlb),(18)
(byd),(18)
(wdy),(18)
(cbe),(18)
(hfe),(18)
(oeh),(18)
(uig),(18)
(voe),(18)
(wsk),(18)
(dez),(18)
(wbu),(18)
(uoy),(18)
(mpm),(18)
(fop),(18)
(fpo),(18)
(ebc),(18)
(wch),(18)
(pfa),(18)
(poy),(18)
(mgy),(18)
(xif),(18)
(bgr),(18)
(umq),(18)
(gcy),(18)
(ltd),(18)
(yns),(18)
(skm),(18)
(fot),(18)
(jem),(18)
(ehr),(18)
(cek),(18)
(lfm),(18)
(enq),(18)
(ynx),(18)
(mgo),(18)
(fio),(18)
(ufr),(18)
(umy),(18)
(amj),(18)
(wog),(18)
(pgu),(18)
(gyu),(18)
(koh),(18)
(tje),(18)
(itk),(18)
(ekr),(18)
(azd),(18)
(fso),(18)
(ffw),(18)
(hsq),(18)
(ryq),(18)
(orq),(18)
(suv),(18)
(dty),(18)
(cve),(18)
(cxe),(18)
(tyy),(18)
(bz),(17)
(wj),(17)
(zr),(17)
(jd),(17)
(eaa),(17)
(iaq),(17)
(aqi),(17)
(sao),(17)
(bwa),(17)
(rvu),(17)
(uop),(17)
(xad),(17)
(yoa),(17)
(jiv),(17)
(caz),(17)
(mtu),(17)
(yoo),(17)
(nej),(17)
(yzy),(17)
(dix),(17)
(cbo),(17)
(guf),(17)
(syf),(17)
(yka),(17)
(axs),(17)
(lkb),(17)
(agf),(17)
(vri),(17)
(ozl),(17)
(kob),(17)
(ugb),(17)
(myn),(17)
(igf),(17)
(lgy),(17)
(ohs),(17)
(zca),(17)
(bfi),(17)
(wfl),(17)
(okw),(17)
(uza),(17)
(byw),(17)
(lkc),(17)
(fch),(17)
(avs),(17)
(koc),(17)
(cyg),(17)
(pdi),(17)
(epw),(17)
(xyr),(17)
(doy),(17)
(mti),(17)
(duf),(17)
(mbn),(17)
(yeh),(17)
(ggh),(17)
(htg),(17)
(cfa),(17)
(nyf),(17)
(ltf),(17)
(fom),(17)
(ahg),(17)
(lhu),(17)
(ukh),(17)
(kyh),(17)
(llk),(17)
(hmm),(17)
(zak),(17)
(vaj),(17)
(bsw),(17)
(fym),(17)
(eoo),(17)
(yoy),(17)
(zys),(17)
(ftu),(17)
(myu),(17)
(gza),(17)
(szu),(17)
(zg),(16)
(boz),(16)
(bth),(16)
(dax),(16)
(hva),(16)
(uzu),(16)
(gek),(16)
(xae),(16)
(ovs),(16)
(nyr),(16)
(chv),(16)
(axm),(16)
(ofb),(16)
(kdu),(16)
(jra),(16)
(ncs),(16)
(rfb),(16)
(zba),(16)
(ltb),(16)
(wus),(16)
(yby),(16)
(zus),(16)
(fob),(16)
(oox),(16)
(riy),(16)
(cbl),(16)
(ntz),(16)
(wda),(16)
(wsy),(16)
(owz),(16)
(uej),(16)
(odk),(16)
(otj),(16)
(oxp),(16)
(goz),(16)
(vur),(16)
(kwh),(16)
(mhu),(16)
(qab),(16)
(dby),(16)
(iby),(16)
(gnc),(16)
(xyh),(16)
(ufe),(16)
(okh),(16)
(syd),(16)
(udc),(16)
(upy),(16)
(pcu),(16)
(vak),(16)
(fod),(16)
(imd),(16)
(fme),(16)
(aox),(16)
(exd),(16)
(fae),(16)
(gud),(16)
(mdr),(16)
(eeo),(16)
(fah),(16)
(bsg),(16)
(yug),(16)
(kge),(16)
(grh),(16)
(zma),(16)
(gyv),(16)
(fpi),(16)
(vys),(16)
(ljo),(16)
(mpw),(16)
(huh),(16)
(huz),(16)
(ysj),(16)
(kuk),(16)
(csk),(16)
(kaz),(16)
(fep),(16)
(toq),(16)
(fsn),(16)
(eyv),(16)
(olr),(16)
(ntq),(16)
(tyq),(16)
(ptw),(16)
(hyw),(16)
(pwh),(16)
(qe),(15)
(qt),(15)
(pz),(15)
(kz),(15)
(dii),(15)
(lii),(15)
(aaf),(15)
(jji),(15)
(oah),(15)
(ahw),(15)
(aiy),(15)
(jie),(15)
(kva),(15)
(faq),(15)
(koa),(15)
(kyn),(15)
(pyw),(15)
(xxe),(15)
(nao),(15)
(ofp),(15)
(uys),(15)
(iqa),(15)
(yax),(15)
(uay),(15)
(kqu),(15)
(wep),(15)
(myb),(15)
(pyb),(15)
(bav),(15)
(bex),(15)
(zod),(15)
(wbi),(15)
(ioh),(15)
(kfe),(15)
(scs),(15)
(akn),(15)
(obf),(15)
(otn),(15)
(akc),(15)
(akw),(15)
(yip),(15)
(pke),(15)
(fax),(15)
(fex),(15)
(fpr),(15)
(cej),(15)
(zae),(15)
(aot),(15)
(apk),(15)
(quy),(15)
(ewy),(15)
(ruo),(15)
(ubw),(15)
(rnr),(15)
(jih),(15)
(kud),(15)
(skt),(15)
(xra),(15)
(udh),(15)
(hkh),(15)
(urz),(15)
(xeg),(15)
(goh),(15)
(xsi),(15)
(uxm),(15)
(etj),(15)
(ybd),(15)
(cfi),(15)
(cfu),(15)
(fyl),(15)
(omg),(15)
(mgl),(15)
(imh),(15)
(amz),(15)
(kyj),(15)
(taj),(15)
(lje),(15)
(yji),(15)
(hjo),(15)
(smk),(15)
(imk),(15)
(kav),(15)
(pyk),(15)
(rku),(15)
(axw),(15)
(ukt),(15)
(bpa),(15)
(ptp),(15)
(ruq),(15)
(pph),(15)
(shq),(15)
(ksq),(15)
(csq),(15)
(sry),(15)
(cva),(15)
(nsx),(15)
(ksz),(15)
(cj),(14)
(lx),(14)
(daq),(14)
(abc),(14)
(ceq),(14)
(laj),(14)
(ndz),(14)
(cda),(14)
(fpe),(14)
(qal),(14)
(rmg),(14)
(ibh),(14)
(wny),(14)
(axl),(14)
(zlo),(14)
(aob),(14)
(kwr),(14)
(igb),(14)
(akg),(14)
(zou),(14)
(ukb),(14)
(skb),(14)
(kuc),(14)
(awu),(14)
(fwo),(14)
(zho),(14)
(bij),(14)
(ouj),(14)
(ffn),(14)
(mbp),(14)
(ooj),(14)
(xwo),(14)
(oyt),(14)
(akp),(14)
(eib),(14)
(oek),(14)
(ttf),(14)
(uyu),(14)
(zki),(14)
(zwi),(14)
(byg),(14)
(mpn),(14)
(aod),(14)
(pax),(14)
(uus),(14)
(efd),(14)
(fcu),(14)
(tzy),(14)
(ivy),(14)
(bfe),(14)
(oef),(14)
(xne),(14)
(ryz),(14)
(wcr),(14)
(okn),(14)
(ygn),(14)
(idz),(14)
(ogd),(14)
(ekh),(14)
(gox),(14)
(yox),(14)
(izy),(14)
(ndv),(14)
(ysv),(14)
(odz),(14)
(rlf),(14)
(fce),(14)
(hgi),(14)
(okg),(14)
(guz),(14)
(waz),(14)
(kry),(14)
(fgo),(14)
(aeh),(14)
(axh),(14)
(fpl),(14)
(fwi),(14)
(juk),(14)
(hja),(14)
(fiy),(14)
(ntj),(14)
(eyj),(14)
(uxt),(14)
(tyk),(14)
(lkn),(14)
(dko),(14)
(kyo),(14)
(akm),(14)
(egp),(14)
(wlo),(14)
(zda),(14)
(muj),(14)
(smw),(14)
(smz),(14)
(eok),(14)
(zsc),(14)
(imr),(14)
(nuz),(14)
(soj),(14)
(acp),(14)
(hix),(14)
(hwr),(14)
(wwh),(14)
(woe),(14)
(lyy),(14)
(igz),(14)
(mzo),(14)
(xq),(13)
(jh),(13)
(kih),(13)
(cuz),(13)
(kaa),(13)
(yaa),(13)
(abm),(13)
(uvo),(13)
(fya),(13)
(adz),(13)
(dze),(13)
(zuk),(13)
(fik),(13)
(uew),(13)
(naj),(13)
(ltt),(13)
(gkl),(13)
(exm),(13)
(tij),(13)
(nyu),(13)
(uya),(13)
(uyi),(13)
(rck),(13)
(aii),(13)
(sez),(13)
(wok),(13)
(ttb),(13)
(byh),(13)
(acb),(13)
(uio),(13)
(ikb),(13)
(auh),(13)
(uhi),(13)
(xbe),(13)
(ujo),(13)
(juc),(13)
(zyl),(13)
(mbh),(13)
(bhi),(13)
(pbi),(13)
(wbl),(13)
(tzk),(13)
(obw),(13)
(hve),(13)
(xth),(13)
(oxm),(13)
(kfr),(13)
(udw),(13)
(lgh),(13)
(bdr),(13)
(aiq),(13)
(lry),(13)
(rlc),(13)
(xde),(13)
(hoj),(13)
(mja),(13)
(oln),(13)
(pyd),(13)
(mbm),(13)
(wpe),(13)
(pdu),(13)
(mcy),(13)
(cze),(13)
(ghd),(13)
(pgo),(13)
(evs),(13)
(imw),(13)
(sfy),(13)
(obh),(13)
(ruk),(13)
(oeg),(13)
(lze),(13)
(nyn),(13)
(rgn),(13)
(meq),(13)
(xga),(13)
(fyf),(13)
(wae),(13)
(ehn),(13)
(why),(13)
(kug),(13)
(jat),(13)
(ltg),(13)
(auz),(13)
(fgr),(13)
(tgy),(13)
(jik),(13)
(muh),(13)
(hhy),(13)
(lja),(13)
(itj),(13)
(juj),(13)
(pyu),(13)
(ikv),(13)
(fmi),(13)
(yrs),(13)
(otz),(13)
(uwa),(13)
(cnu),(13)
(fyo),(13)
(ftt),(13)
(gps),(13)
(cpu),(13)
(eyu),(13)
(cyv),(13)
(vug),(13)
(yye),(13)
(gsz),(13)
(lsz),(13)
(jm),(12)
(fj),(12)
(qq),(12)
(haq),(12)
(aav),(12)
(aok),(12)
(bbs),(12)
(bfa),(12)
(ptl),(12)
(bsq),(12)
(uih),(12)
(aae),(12)
(zaa),(12)
(jia),(12)
(phb),(12)
(xus),(12)
(mgu),(12)
(fga),(12)
(ufs),(12)
(mns),(12)
(xet),(12)
(vop),(12)
(cax),(12)
(xun),(12)
(ayv),(12)
(azl),(12)
(xyb),(12)
(byf),(12)
(fyb),(12)
(aij),(12)
(ajr),(12)
(bao),(12)
(auj),(12)
(fbu),(12)
(efc),(12)
(beu),(12)
(fbl),(12)
(kyi),(12)
(xty),(12)
(ugf),(12)
(uhr),(12)
(ttp),(12)
(agc),(12)
(mpg),(12)
(hax),(12)
(duu),(12)
(riw),(12)
(hce),(12)
(lkf),(12)
(apj),(12)
(ekp),(12)
(pmu),(12)
(tzp),(12)
(zpa),(12)
(byo),(12)
(bwe),(12)
(coj),(12)
(mbf),(12)
(okt),(12)
(ptd),(12)
(xcy),(12)
(scz),(12)
(ofm),(12)
(xyd),(12)
(exr),(12)
(kgi),(12)
(oou),(12)
(eyk),(12)
(bph),(12)
(yko),(12)
(kyk),(12)
(ffm),(12)
(xye),(12)
(ieq),(12)
(gyf),(12)
(egf),(12)
(fey),(12)
(zyf),(12)
(igj),(12)
(foy),(12)
(gok),(12)
(gaj),(12)
(zun),(12)
(ftg),(12)
(kts),(12)
(bge),(12)
(rkg),(12)
(jir),(12)
(uyl),(12)
(syh),(12)
(elj),(12)
(poh),(12)
(opj),(12)
(shj),(12)
(ahj),(12)
(mje),(12)
(jna),(12)
(kjo),(12)
(hnn),(12)
(oyr),(12)
(zek),(12)
(zik),(12)
(ipk),(12)
(iyi),(12)
(kiw),(12)
(oip),(12)
(mze),(12)
(iaw),(12)
(fwh),(12)
(mui),(12)
(trh),(12)
(gpy),(12)
(wod),(12)
(mrh),(12)
(wys),(12)
(psv),(12)
(swy),(12)
(zwa),(12)
(csz),(12)
(gyz),(12)
(fv),(11)
(vd),(11)
(xj),(11)
(vt),(11)
(wv),(11)
(vm),(11)
(pq),(11)
(dx),(11)
(aua),(11)
(bka),(11)
(bii),(11)
(oaz),(11)
(wts),(11)
(iwh),(11)
(dao),(11)
(uhe),(11)
(qta),(11)
(hns),(11)
(avr),(11)
(yaz),(11)
(bym),(11)
(ckq),(11)
(ptb),(11)
(axb),(11)
(ezu),(11)
(zyb),(11)
(ajj),(11)
(bhu),(11)
(xbi),(11)
(rwu),(11)
(lby),(11)
(ioo),(11)
(owj),(11)
(okd),(11)
(wkn),(11)
(xla),(11)
(oxw),(11)
(rux),(11)
(ugp),(11)
(uyo),(11)
(afc),(11)
(rng),(11)
(lcs),(11)
(tzc),(11)
(rfc),(11)
(guk),(11)
(hih),(11)
(wcl),(11)
(exv),(11)
(wps),(11)
(bcr),(11)
(wdk),(11)
(ftn),(11)
(skf),(11)
(kph),(11)
(jen),(11)
(vek),(11)
(ftf),(11)
(ftp),(11)
(uom),(11)
(duv),(11)
(euo),(11)
(xqu),(11)
(xub),(11)
(wey),(11)
(faz),(11)
(oxg),(11)
(fub),(11)
(fyn),(11)
(bga),(11)
(kog),(11)
(nkg),(11)
(yyo),(11)
(hgl),(11)
(bgo),(11)
(kku),(11)
(aih),(11)
(cyh),(11)
(mza),(11)
(kii),(11)
(rpn),(11)
(woc),(11)
(pej),(11)
(jav),(11)
(pje),(11)
(ajn),(11)
(utj),(11)
(suo),(11)
(kiy),(11)
(tzn),(11)
(tko),(11)
(skv),(11)
(kyu),(11)
(udm),(11)
(wpr),(11)
(ttm),(11)
(lwr),(11)
(muu),(11)
(pyn),(11)
(wsn),(11)
(bmu),(11)
(paq),(11)
(xvi),(11)
(rlw),(11)
(ohp),(11)
(psq),(11)
(yut),(11)
(kij),(11)
(mru),(11)
(pwr),(11)
(uvu),(11)
(hyv),(11)
(svr),(11)
(hsz),(11)
(ssz),(11)
(vg),(10)
(zj),(10)
(fq),(10)
(vk),(10)
(gx),(10)
(ql),(10)
(rdv),(10)
(faa),(10)
(atj),(10)
(bja),(10)
(abt),(10)
(ltn),(10)
(dza),(10)
(faf),(10)
(xaf),(10)
(paf),(10)
(hls),(10)
(iye),(10)
(ajm),(10)
(jma),(10)
(khy),(10)
(uaz),(10)
(mnu),(10)
(wta),(10)
(xea),(10)
(ikn),(10)
(eao),(10)
(joa),(10)
(qah),(10)
(cfo),(10)
(wya),(10)
(aaz),(10)
(azt),(10)
(zul),(10)
(dhs),(10)
(axt),(10)
(egb),(10)
(ekb),(10)
(zni),(10)
(evv),(10)
(evy),(10)
(zbi),(10)
(ije),(10)
(kcu),(10)
(twu),(10)
(onx),(10)
(omk),(10)
(uzo),(10)
(lns),(10)
(kju),(10)
(aej),(10)
(buh),(10)
(uhl),(10)
(hrs),(10)
(uik),(10)
(ttd),(10)
(byn),(10)
(lct),(10)
(uxc),(10)
(jup),(10)
(mgi),(10)
(rvy),(10)
(fqu),(10)
(tiy),(10)
(tux),(10)
(pao),(10)
(oyu),(10)
(snt),(10)
(yey),(10)
(olz),(10)
(exn),(10)
(fda),(10)
(ofd),(10)
(ikd),(10)
(ugd),(10)
(emv),(10)
(jeu),(10)
(mij),(10)
(ukd),(10)
(yln),(10)
(nnl),(10)
(ngx),(10)
(cdr),(10)
(fdr),(10)
(tdw),(10)
(iee),(10)
(elz),(10)
(aek),(10)
(euh),(10)
(upn),(10)
(eww),(10)
(exq),(10)
(xso),(10)
(xuv),(10)
(ebf),(10)
(eij),(10)
(myf),(10)
(lkr),(10)
(zaf),(10)
(unz),(10)
(phg),(10)
(apg),(10)
(chq),(10)
(rlm),(10)
(fwe),(10)
(umw),(10)
(uzh),(10)
(hej),(10)
(lpf),(10)
(pvi),(10)
(otk),(10)
(udn),(10)
(yio),(10)
(qam),(10)
(icj),(10)
(nyj),(10)
(pjo),(10)
(idk),(10)
(rnk),(10)
(bki),(10)
(pkn),(10)
(ixm),(10)
(emr),(10)
(uez),(10)
(xmi),(10)
(aqq),(10)
(sng),(10)
(vlo),(10)
(zic),(10)
(tpy),(10)
(bpo),(10)
(aez),(10)
(pyx),(10)
(sqi),(10)
(pqu),(10)
(uev),(10)
(cvo),(10)
(yvu),(10)
(zwe),(10)
(sxi),(10)
(usx),(10)
(jy),(9)
(jt),(9)
(jp),(9)
(bq),(9)
(mx),(9)
(aah),(9)
(bax),(9)
(abw),(9)
(dzu),(9)
(uaa),(9)
(uah),(9)
(jax),(9)
(paa),(9)
(efb),(9)
(jaa),(9)
(oxu),(9)
(vya),(9)
(iic),(9)
(syz),(9)
(yao),(9)
(ryx),(9)
(yxa),(9)
(aqs),(9)
(auw),(9)
(yay),(9)
(wkw),(9)
(ayy),(9)
(mbb),(9)
(kgl),(9)
(xba),(9)
(oib),(9)
(tzb),(9)
(exb),(9)
(ixb),(9)
(xtb),(9)
(ibc),(9)
(iok),(9)
(bih),(9)
(yoh),(9)
(iow),(9)
(ofy),(9)
(okf),(9)
(ooy),(9)
(xwa),(9)
(oyh),(9)
(eii),(9)
(bke),(9)
(cbu),(9)
(upk),(9)
(ttc),(9)
(yry),(9)
(zcu),(9)
(zzp),(9)
(zzw),(9)
(gby),(9)
(cwa),(9)
(lyx),(9)
(fdu),(9)
(hiy),(9)
(vus),(9)
(kaj),(9)
(zyw),(9)
(wcu),(9)
(wfe),(9)
(ftd),(9)
(uby),(9)
(ebd),(9)
(eix),(9)
(phd),(9)
(dgh),(9)
(idj),(9)
(dij),(9)
(pzo),(9)
(ctw),(9)
(pfs),(9)
(gdw),(9)
(ecp),(9)
(ekw),(9)
(nvy),(9)
(eoh),(9)
(sii),(9)
(xud),(9)
(xfl),(9)
(vox),(9)
(bfr),(9)
(cfr),(9)
(fuh),(9)
(uqa),(9)
(acg),(9)
(fyg),(9)
(kyg),(9)
(iyu),(9)
(ibn),(9)
(huj),(9)
(vla),(9)
(tkh),(9)
(ugw),(9)
(egw),(9)
(wyn),(9)
(ypp),(9)
(emh),(9)
(vyh),(9)
(ksv),(9)
(ghj),(9)
(mmm),(9)
(uho),(9)
(yia),(9)
(bsj),(9)
(wsj),(9)
(htj),(9)
(dwu),(9)
(ilj),(9)
(smj),(9)
(nij),(9)
(yaj),(9)
(rtj),(9)
(zej),(9)
(elq),(9)
(jiz),(9)
(joo),(9)
(jux),(9)
(obk),(9)
(phk),(9)
(ebk),(9)
(ltk),(9)
(wik),(9)
(hyz),(9)
(gkr),(9)
(lku),(9)
(skw),(9)
(ezd),(9)
(ikm),(9)
(wru),(9)
(eht),(9)
(zuz),(9)
(zra),(9)
(udp),(9)
(umz),(9)
(vum),(9)
(cny),(9)
(rlp),(9)
(bpe),(9)
(igp),(9)
(yyu),(9)
(uxp),(9)
(gnp),(9)
(hps),(9)
(cpt),(9)
(etq),(9)
(bqu),(9)
(ptt),(9)
(wul),(9)
(upv),(9)
(myv),(9)
(gvu),(9)
(gzo),(9)
(czy),(9)
(jw),(8)
(xk),(8)
(js),(8)
(vh),(8)
(qy),(8)
(aaq),(8)
(emf),(8)
(yua),(8)
(aeq),(8)
(ahz),(8)
(hza),(8)
(voa),(8)
(uun),(8)
(vsk),(8)
(gms),(8)
(gaq),(8)
(rcc),(8)
(mtw),(8)
(mwr),(8)
(wwe),(8)
(ruh),(8)
(oaw),(8)
(wka),(8)
(wlw),(8)
(eay),(8)
(zaw),(8)
(zte),(8)
(ztr),(8)
(bgi),(8)
(jiu),(8)
(lml),(8)
(joe),(8)
(ctb),(8)
(wlb),(8)
(kub),(8)
(efm),(8)
(tyz),(8)
(gnl),(8)
(ziq),(8)
(biw),(8)
(oux),(8)
(oeq),(8)
(fpa),(8)
(izc),(8)
(zkr),(8)
(wby),(8)
(euf),(8)
(vle),(8)
(wpu),(8)
(afb),(8)
(ouh),(8)
(bux),(8)
(nby),(8)
(tby),(8)
(ymc),(8)
(rbc),(8)
(vyc),(8)
(ivs),(8)
(hiw),(8)
(bmo),(8)
(yfy),(8)
(xly),(8)
(oee),(8)
(pyf),(8)
(ldv),(8)
(wgi),(8)
(zyi),(8)
(abg),(8)
(wms),(8)
(jod),(8)
(zde),(8)
(ekd),(8)
(xdi),(8)
(diq),(8)
(vna),(8)
(xdo),(8)
(wng),(8)
(ufu),(8)
(wdu),(8)
(mbw),(8)
(noj),(8)
(ddw),(8)
(dzh),(8)
(fye),(8)
(ggn),(8)
(oej),(8)
(kkl),(8)
(lmm),(8)
(ikl),(8)
(hmy),(8)
(exg),(8)
(xno),(8)
(xoe),(8)
(xsc),(8)
(jda),(8)
(mjo),(8)
(ixu),(8)
(zgi),(8)
(bfl),(8)
(vyl),(8)
(uky),(8)
(uyt),(8)
(pge),(8)
(ibg),(8)
(kig),(8)
(tgh),(8)
(izm),(8)
(pgl),(8)
(urj),(8)
(mkh),(8)
(aoh),(8)
(lpm),(8)
(mej),(8)
(mmh),(8)
(yif),(8)
(yig),(8)
(iir),(8)
(hsj),(8)
(ulj),(8)
(upj),(8)
(zzm),(8)
(mji),(8)
(imj),(8)
(ipj),(8)
(jul),(8)
(nzu),(8)
(syk),(8)
(gyk),(8)
(htk),(8)
(mbk),(8)
(hkn),(8)
(dkr),(8)
(xyn),(8)
(tzl),(8)
(hzo),(8)
(wum),(8)
(ocm),(8)
(ebm),(8)
(tix),(8)
(ttn),(8)
(mcc),(8)
(vao),(8)
(xmo),(8)
(mts),(8)
(gwu),(8)
(xov),(8)
(wsv),(8)
(dny),(8)
(lny),(8)
(woa),(8)
(fpu),(8)
(xph),(8)
(pva),(8)
(ajp),(8)
(rpp),(8)
(iup),(8)
(icw),(8)
(yub),(8)
(npt),(8)
(bpu),(8)
(llq),(8)
(uix),(8)
(uqy),(8)
(qya),(8)
(bkh),(8)
(fii),(8)
(xsp),(8)
(emw),(8)
(vst),(8)
(weg),(8)
(xtt),(8)
(mbt),(8)
(wib),(8)
(fyu),(8)
(cyu),(8)
(csv),(8)
(omv),(8)
(hsv),(8)
(ebw),(8)
(wud),(8)
(edx),(8)
(dsz),(8)
(szw),(8)
(qo),(7)
(zq),(7)
(qv),(7)
(abf),(7)
(afg),(7)
(ajw),(7)
(lbs),(7)
(noq),(7)
(kox),(7)
(yds),(7)
(nxa),(7)
(auu),(7)
(muo),(7)
(ioz),(7)
(pii),(7)
(myw),(7)
(tls),(7)
(ufg),(7)
(iay),(7)
(zka),(7)
(rbb),(7)
(ybb),(7)
(ckv),(7)
(zha),(7)
(zib),(7)
(tzv),(7)
(zva),(7)
(sij),(7)
(spb),(7)
(ecq),(7)
(zoy),(7)
(vue),(7)
(ebh),(7)
(kkh),(7)
(fbi),(7)
(biy),(7)
(izb),(7)
(wzi),(7)
(bwh),(7)
(ohr),(7)
(vik),(7)
(dts),(7)
(xsh),(7)
(xbr),(7)
(kky),(7)
(efn),(7)
(uvv),(7)
(zzs),(7)
(byk),(7)
(byz),(7)
(axc),(7)
(nyx),(7)
(azc),(7)
(ikc),(7)
(zch),(7)
(uoc),(7)
(hez),(7)
(ggc),(7)
(ofc),(7)
(khm),(7)
(mpd),(7)
(fhu),(7)
(jic),(7)
(mms),(7)
(nii),(7)
(ruz),(7)
(uau),(7)
(ywu),(7)
(yml),(7)
(wyd),(7)
(acz),(7)
(afd),(7)
(ldd),(7)
(bts),(7)
(ixd),(7)
(kiz),(7)
(miw),(7)
(acd),(7)
(xfe),(7)
(ixy),(7)
(doj),(7)
(xep),(7)
(tdy),(7)
(niw),(7)
(uob),(7)
(gdy),(7)
(hrl),(7)
(ykl),(7)
(mue),(7)
(muw),(7)
(peq),(7)
(rpm),(7)
(sux),(7)
(eub),(7)
(ewk),(7)
(xwi),(7)
(xob),(7)
(xst),(7)
(lmf),(7)
(ixf),(7)
(ihs),(7)
(xna),(7)
(xyf),(7)
(xwe),(7)
(vaq),(7)
(wuz),(7)
(img),(7)
(ekg),(7)
(ewg),(7)
(rlh),(7)
(obg),(7)
(cgn),(7)
(pev),(7)
(avl),(7)
(cgu),(7)
(niy),(7)
(uzl),(7)
(gwy),(7)
(wyl),(7)
(ugy),(7)
(jha),(7)
(kuh),(7)
(ajd),(7)
(vda),(7)
(adq),(7)
(hmp),(7)
(ohl),(7)
(gku),(7)
(zoh),(7)
(zhu),(7)
(xyu),(7)
(hyk),(7)
(bue),(7)
(vii),(7)
(ivr),(7)
(ixn),(7)
(rdj),(7)
(lij),(7)
(llj),(7)
(ayj),(7)
(pyj),(7)
(boj),(7)
(hje),(7)
(ogj),(7)
(paj),(7)
(jom),(7)
(jov),(7)
(mju),(7)
(afk),(7)
(ehk),(7)
(ovk),(7)
(ntk),(7)
(rkk),(7)
(thk),(7)
(fke),(7)
(epk),(7)
(mke),(7)
(ffk),(7)
(fki),(7)
(udz),(7)
(kuf),(7)
(ukr),(7)
(vut),(7)
(yek),(7)
(ptm),(7)
(iio),(7)
(chz),(7)
(ggm),(7)
(cwo),(7)
(suy),(7)
(zqu),(7)
(iqv),(7)
(fmo),(7)
(qqa),(7)
(qad),(7)
(xey),(7)
(ukp),(7)
(txa),(7)
(lpn),(7)
(zup),(7)
(qiy),(7)
(qub),(7)
(itq),(7)
(gnr),(7)
(uxr),(7)
(amv),(7)
(vss),(7)
(lzy),(7)
(zsp),(7)
(uoo),(7)
(wyt),(7)
(ugt),(7)
(ktw),(7)
(stx),(7)
(pvo),(7)
(fyv),(7)
(vtu),(7)
(dvu),(7)
(wef),(7)
(isx),(7)
(msx),(7)
(szh),(7)
(zuc),(7)
(wq),(6)
(jb),(6)
(vb),(6)
(vaa),(6)
(duj),(6)
(bya),(6)
(eua),(6)
(fgh),(6)
(tuz),(6)
(hze),(6)
(lmn),(6)
(ofn),(6)
(mua),(6)
(ovy),(6)
(puy),(6)
(caq),(6)
(yaq),(6)
(rcm),(6)
(mny),(6)
(avg),(6)
(jja),(6)
(vob),(6)
(vru),(6)
(waa),(6)
(wfy),(6)
(aax),(6)
(lmb),(6)
(azh),(6)
(wkb),(6)
(aoz),(6)
(bwi),(6)
(mku),(6)
(zof),(6)
(zph),(6)
(ggb),(6)
(wtu),(6)
(ttv),(6)
(ofh),(6)
(ouq),(6)
(xou),(6)
(oyg),(6)
(ivl),(6)
(ulz),(6)
(bua),(6)
(ubk),(6)
(udt),(6)
(llv),(6)
(urq),(6)
(qas),(6)
(zzk),(6)
(yrl),(6)
(yrn),(6)
(sct),(6)
(ciq),(6)
(lmc),(6)
(alx),(6)
(rpc),(6)
(vez),(6)
(vix),(6)
(ezv),(6)
(zve),(6)
(pka),(6)
(ekf),(6)
(ezc),(6)
(gyw),(6)
(xtl),(6)
(nuu),(6)
(vne),(6)
(pih),(6)
(wtr),(6)
(xsw),(6)
(bpl),(6)
(wdw),(6)
(cuk),(6)
(pcy),(6)
(ydd),(6)
(mnd),(6)
(afn),(6)
(tzd),(6)
(ocd),(6)
(igd),(6)
(rvs),(6)
(skp),(6)
(vli),(6)
(sdj),(6)
(ocq),(6)
(gez),(6)
(btf),(6)
(wnz),(6)
(oxx),(6)
(cdu),(6)
(mko),(6)
(hko),(6)
(dwy),(6)
(mdy),(6)
(ggw),(6)
(jid),(6)
(kue),(6)
(wem),(6)
(rfm),(6)
(xeq),(6)
(zst),(6)
(wex),(6)
(xex),(6)
(uxf),(6)
(xfa),(6)
(ujd),(6)
(ylf),(6)
(iky),(6)
(kvi),(6)
(otv),(6)
(wlp),(6)
(rzy),(6)
(fyk),(6)
(wlg),(6)
(wga),(6)
(wgl),(6)
(ofg),(6)
(atv),(6)
(uje),(6)
(ygh),(6)
(aoe),(6)
(lfg),(6)
(bgl),(6)
(lgn),(6)
(dgn),(6)
(omz),(6)
(guc),(6)
(uoh),(6)
(guv),(6)
(ynn),(6)
(euz),(6)
(lfn),(6)
(lmh),(6)
(tzh),(6)
(wkm),(6)
(azm),(6)
(oih),(6)
(ghv),(6)
(mhm),(6)
(yvn),(6)
(uaq),(6)
(iyy),(6)
(xhy),(6)
(pna),(6)
(nkj),(6)
(kje),(6)
(yiv),(6)
(jaj),(6)
(xja),(6)
(wja),(6)
(fej),(6)
(myj),(6)
(zme),(6)
(jef),(6)
(jeh),(6)
(bji),(6)
(koj),(6)
(vej),(6)
(pju),(6)
(kuj),(6)
(ifk),(6)
(fka),(6)
(ayk),(6)
(waj),(6)
(yik),(6)
(kuy),(6)
(dkl),(6)
(tkl),(6)
(ckz),(6)
(zko),(6)
(ovr),(6)
(piy),(6)
(hku),(6)
(kuz),(6)
(gky),(6)
(dky),(6)
(myz),(6)
(vud),(6)
(vsl),(6)
(axn),(6)
(iqi),(6)
(tuu),(6)
(owv),(6)
(zub),(6)
(wym),(6)
(baq),(6)
(qan),(6)
(mcd),(6)
(tzm),(6)
(zmi),(6)
(kvo),(6)
(ilq),(6)
(hqa),(6)
(izr),(6)
(muq),(6)
(qar),(6)
(mvu),(6)
(gny),(6)
(oxv),(6)
(yez),(6)
(xtp),(6)
(xiu),(6)
(rbp),(6)
(ylk),(6)
(ozh),(6)
(cpn),(6)
(puj),(6)
(spw),(6)
(smq),(6)
(atq),(6)
(qli),(6)
(kyq),(6)
(zeq),(6)
(unx),(6)
(qut),(6)
(azs),(6)
(cug),(6)
(tzu),(6)
(imv),(6)
(siw),(6)
(koy),(6)
(ouw),(6)
(aew),(6)
(bcy),(6)
(ubz),(6)
(ubq),(6)
(suz),(6)
(ysz),(6)
(rlt),(6)
(luq),(6)
(wuf),(6)
(rtv),(6)
(ziu),(6)
(cuu),(6)
(vaw),(6)
(ipv),(6)
(svl),(6)
(tsx),(6)
(ozu),(6)
(ugz),(6)
(kze),(6)
(hzi),(6)
(zug),(6)
(jz),(5)
(qw),(5)
(hx),(5)
(qd),(5)
(jk),(5)
(jl),(5)
(diy),(5)
(qai),(5)
(qee),(5)
(zdo),(5)
(bci),(5)
(cll),(5)
(jaf),(5)
(guj),(5)
(xai),(5)
(jwa),(5)
(ajz),(5)
(phz),(5)
(lfv),(5)
(liy),(5)
(oew),(5)
(oaa),(5)
(jua),(5)
(waq),(5)
(rgm),(5)
(yxy),(5)
(ufh),(5)
(ukl),(5)
(uwe),(5)
(vga),(5)
(vun),(5)
(xax),(5)
(xoi),(5)
(axu),(5)
(mfs),(5)
(ncb),(5)
(rbw),(5)
(xeb),(5)
(yts),(5)
(efh),(5)
(bix),(5)
(rgf),(5)
(zbe),(5)
(igc),(5)
(zco),(5)
(zna),(5)
(wjo),(5)
(wze),(5)
(ucs),(5)
(zey),(5)
(zbo),(5)
(zok),(5)
(ovv),(5)
(wlf),(5)
(xfu),(5)
(xlo),(5)
(oxr),(5)
(xro),(5)
(oyk),(5)
(ugc),(5)
(jeb),(5)
(uzy),(5)
(uyc),(5)
(zzc),(5)
(zwo),(5)
(scw),(5)
(aix),(5)
(jep),(5)
(ilz),(5)
(rrc),(5)
(ukc),(5)
(wkc),(5)
(xir),(5)
(xix),(5)
(efp),(5)
(lkp),(5)
(umj),(5)
(xii),(5)
(xva),(5)
(dnt),(5)
(wln),(5)
(abp),(5)
(zyq),(5)
(fcr),(5)
(wec),(5)
(wdf),(5)
(wqu),(5)
(jev),(5)
(cuv),(5)
(mcw),(5)
(hcy),(5)
(cyw),(5)
(skd),(5)
(lkd),(5)
(rbd),(5)
(vyd),(5)
(vyn),(5)
(afm),(5)
(evd),(5)
(khd),(5)
(rpd),(5)
(evl),(5)
(vsh),(5)
(ylz),(5)
(zyd),(5)
(diw),(5)
(gjj),(5)
(gxi),(5)
(wnv),(5)
(zly),(5)
(uhk),(5)
(sdv),(5)
(rfn),(5)
(sdz),(5)
(cmn),(5)
(ecz),(5)
(htv),(5)
(lmw),(5)
(jip),(5)
(rzs),(5)
(goj),(5)
(evh),(5)
(wew),(5)
(xvo),(5)
(exw),(5)
(xum),(5)
(zri),(5)
(fnu),(5)
(fsy),(5)
(zfa),(5)
(uxh),(5)
(tzf),(5)
(fez),(5)
(ezf),(5)
(ibf),(5)
(acf),(5)
(izg),(5)
(uox),(5)
(uxg),(5)
(foh),(5)
(foz),(5)
(bsy),(5)
(fuj),(5)
(jif),(5)
(yuf),(5)
(axg),(5)
(nqi),(5)
(rbh),(5)
(xge),(5)
(ctg),(5)
(tku),(5)
(rlg),(5)
(zmo),(5)
(xgo),(5)
(wgo),(5)
(xgr),(5)
(vyg),(5)
(mzi),(5)
(grr),(5)
(fgu),(5)
(uqi),(5)
(hgy),(5)
(wko),(5)
(wza),(5)
(vyw),(5)
(eih),(5)
(ylr),(5)
(fih),(5)
(fyh),(5)
(zhi),(5)
(odj),(5)
(hlr),(5)
(sih),(5)
(weh),(5)
(ukm),(5)
(nhw),(5)
(pnu),(5)
(iil),(5)
(aov),(5)
(doq),(5)
(sjh),(5)
(ltj),(5)
(fsj),(5)
(syj),(5)
(omj),(5)
(loj),(5)
(jiq),(5)
(rtk),(5)
(zyk),(5)
(nkk),(5)
(vaz),(5)
(kex),(5)
(nqa),(5)
(khl),(5)
(wnk),(5)
(hkl),(5)
(ezm),(5)
(wek),(5)
(fek),(5)
(tkr),(5)
(ykr),(5)
(bku),(5)
(lkv),(5)
(ezl),(5)
(afw),(5)
(xlu),(5)
(uvl),(5)
(luz),(5)
(obm),(5)
(nuh),(5)
(nxy),(5)
(irz),(5)
(zvo),(5)
(wmu),(5)
(miy),(5)
(yrt),(5)
(fci),(5)
(hoq),(5)
(hny),(5)
(aoo),(5)
(quu),(5)
(ikp),(5)
(lmp),(5)
(egt),(5)
(kax),(5)
(bpi),(5)
(zpi),(5)
(ntx),(5)
(zyp),(5)
(zzu),(5)
(xps),(5)
(ulq),(5)
(mqa),(5)
(idq),(5)
(amq),(5)
(qat),(5)
(qaw),(5)
(gqi),(5)
(fsq),(5)
(ixr),(5)
(bzi),(5)
(izs),(5)
(siy),(5)
(gnt),(5)
(yuz),(5)
(rfw),(5)
(lck),(5)
(txi),(5)
(ttz),(5)
(upz),(5)
(kiu),(5)
(rmv),(5)
(nyv),(5)
(ctv),(5)
(oiv),(5)
(tvu),(5)
(yuh),(5)
(csw),(5)
(lsx),(5)
(kyy),(5)
(nyz),(5)
(zez),(5)
(pyz),(5)
(thz),(5)
(zzz),(5)
(zuf),(5)
(gzw),(5)
(mzy),(5)
(qb),(4)
(vc),(4)
(xz),(4)
(qr),(4)
(qf),(4)
(vp),(4)
(aqe),(4)
(qid),(4)
(iiw),(4)
(wix),(4)
(aaa),(4)
(iia),(4)
(cix),(4)
(abz),(4)
(ucy),(4)
(pua),(4)
(irj),(4)
(eaj),(4)
(iaj),(4)
(fve),(4)
(tyx),(4)
(iul),(4)
(xxi),(4)
(aoq),(4)
(qiq),(4)
(yks),(4)
(xyi),(4)
(xau),(4)
(vij),(4)
(ijj),(4)
(yib),(4)
(wkl),(4)
(aay),(4)
(sbb),(4)
(ddb),(4)
(huv),(4)
(iub),(4)
(ocb),(4)
(jba),(4)
(tuq),(4)
(nzb),(4)
(ecg),(4)
(nzt),(4)
(zyn),(4)
(ohb),(4)
(ioj),(4)
(nnb),(4)
(rrb),(4)
(wfr),(4)
(wld),(4)
(yfs),(4)
(uvs),(4)
(yoz),(4)
(hby),(4)
(buj),(4)
(rrf),(4)
(ttj),(4)
(zbu),(4)
(buv),(4)
(zsa),(4)
(scm),(4)
(skc),(4)
(yii),(4)
(uxd),(4)
(wyc),(4)
(vni),(4)
(ktc),(4)
(dlm),(4)
(irq),(4)
(fcl),(4)
(ioq),(4)
(scn),(4)
(cyx),(4)
(uiu),(4)
(mnw),(4)
(gii),(4)
(ptf),(4)
(cii),(4)
(oyw),(4)
(zyh),(4)
(ibw),(4)
(owq),(4)
(cwt),(4)
(wtc),(4)
(cyk),(4)
(fuk),(4)
(daj),(4)
(ibd),(4)
(fmu),(4)
(gnd),(4)
(hmd),(4)
(cih),(4)
(vsd),(4)
(egd),(4)
(gnf),(4)
(ncd),(4)
(vki),(4)
(exk),(4)
(krs),(4)
(lmd),(4)
(ogv),(4)
(vye),(4)
(duh),(4)
(mmk),(4)
(xdu),(4)
(dux),(4)
(ydw),(4)
(zud),(4)
(bbt),(4)
(ecm),(4)
(evn),(4)
(xef),(4)
(ddf),(4)
(nuy),(4)
(rlk),(4)
(xyq),(4)
(xee),(4)
(xeu),(4)
(faj),(4)
(fao),(4)
(qir),(4)
(wkf),(4)
(vaf),(4)
(axf),(4)
(zfe),(4)
(lmg),(4)
(fip),(4)
(zzf),(4)
(fjo),(4)
(wyf),(4)
(ixw),(4)
(luy),(4)
(olx),(4)
(zfr),(4)
(uqs),(4)
(zzt),(4)
(ynb),(4)
(yrd),(4)
(jeg),(4)
(vsg),(4)
(aog),(4)
(ocn),(4)
(mii),(4)
(zoz),(4)
(ikg),(4)
(wge),(4)
(ixg),(4)
(ukg),(4)
(giy),(4)
(skg),(4)
(tgn),(4)
(mng),(4)
(wfs),(4)
(iyn),(4)
(ghg),(4)
(rrl),(4)
(uaj),(4)
(lfy),(4)
(uvn),(4)
(vno),(4)
(zla),(4)
(yud),(4)
(fni),(4)
(fna),(4)
(fvo),(4)
(gih),(4)
(puh),(4)
(wkh),(4)
(rzb),(4)
(rff),(4)
(wlh),(4)
(ixh),(4)
(ymh),(4)
(ghk),(4)
(fhi),(4)
(ijr),(4)
(joj),(4)
(suh),(4)
(wev),(4)
(wff),(4)
(ydn),(4)
(mnl),(4)
(ihr),(4)
(iii),(4)
(vsi),(4)
(nnh),(4)
(zii),(4)
(siq),(4)
(iqt),(4)
(soq),(4)
(izv),(4)
(oxj),(4)
(awj),(4)
(ffj),(4)
(jae),(4)
(akj),(4)
(fyj),(4)
(qer),(4)
(jez),(4)
(hji),(4)
(mpj),(4)
(iuj),(4)
(zji),(4)
(zya),(4)
(olj),(4)
(cju),(4)
(uzj),(4)
(txo),(4)
(ttk),(4)
(efk),(4)
(khr),(4)
(dkh),(4)
(khw),(4)
(ftk),(4)
(nyk),(4)
(kwu),(4)
(kzo),(4)
(bkn),(4)
(koz),(4)
(wia),(4)
(szk),(4)
(dku),(4)
(yku),(4)
(kvu),(4)
(yky),(4)
(ezp),(4)
(eie),(4)
(nxl),(4)
(ekv),(4)
(vof),(4)
(wdn),(4)
(rvl),(4)
(sll),(4)
(wce),(4)
(uwu),(4)
(ivm),(4)
(vma),(4)
(ibm),(4)
(jli),(4)
(lwu),(4)
(oao),(4)
(aql),(4)
(qsu),(4)
(ifm),(4)
(zdu),(4)
(nmc),(4)
(mcg),(4)
(ezq),(4)
(aow),(4)
(xup),(4)
(jta),(4)
(xmu),(4)
(mux),(4)
(vme),(4)
(ukn),(4)
(oxn),(4)
(fno),(4)
(obp),(4)
(vso),(4)
(ooo),(4)
(xoa),(4)
(lpp),(4)
(nuv),(4)
(vyp),(4)
(uyp),(4)
(spf),(4)
(fui),(4)
(ioy),(4)
(piw),(4)
(nhs),(4)
(ynp),(4)
(uhp),(4)
(dpt),(4)
(lpw),(4)
(pwn),(4)
(qag),(4)
(eqa),(4)
(ctq),(4)
(ipq),(4)
(odq),(4)
(qur),(4)
(axr),(4)
(zzr),(4)
(vhe),(4)
(nxs),(4)
(izd),(4)
(yyi),(4)
(rfp),(4)
(ozs),(4)
(huy),(4)
(lfk),(4)
(zsh),(4)
(wju),(4)
(zsl),(4)
(zso),(4)
(btw),(4)
(bva),(4)
(szl),(4)
(ttt),(4)
(qst),(4)
(uqd),(4)
(qda),(4)
(vyt),(4)
(auo),(4)
(rnv),(4)
(izw),(4)
(zyt),(4)
(tuy),(4)
(itv),(4)
(vih),(4)
(svy),(4)
(izk),(4)
(nnw),(4)
(wut),(4)
(dxe),(4)
(umx),(4)
(osx),(4)
(sxo),(4)
(lxy),(4)
(cxy),(4)
(zay),(4)
(pyy),(4)
(ryy),(4)
(yoj),(4)
(yuv),(4)
(zax),(4)
(wiy),(4)
(czi),(4)
(dzy),(4)
(qc),(3)
(vz),(3)
(jc),(3)
(qn),(3)
(fz),(3)
(abv),(3)
(xaj),(3)
(zaj),(3)
(akv),(3)
(lzh),(3)
(aao),(3)
(qsa),(3)
(rcf),(3)
(cje),(3)
(ufy),(3)
(sqt),(3)
(zau),(3)
(vgo),(3)
(dls),(3)
(gax),(3)
(azk),(3)
(rpb),(3)
(wty),(3)
(mnb),(3)
(gnb),(3)
(rgb),(3)
(vyb),(3)
(nbh),(3)
(tbh),(3)
(nzh),(3)
(izj),(3)
(zje),(3)
(wgu),(3)
(snb),(3)
(sns),(3)
(dhr),(3)
(byx),(3)
(dtb),(3)
(wll),(3)
(ygs),(3)
(dyz),(3)
(zhn),(3)
(rrr),(3)
(ruj),(3)
(hlb),(3)
(buu),(3)
(uyb),(3)
(ifc),(3)
(lxe),(3)
(yxc),(3)
(nnc),(3)
(rhs),(3)
(efq),(3)
(pce),(3)
(pci),(3)
(cez),(3)
(oix),(3)
(ufd),(3)
(avc),(3)
(vsc),(3)
(ekc),(3)
(ukj),(3)
(zyc),(3)
(xtc),(3)
(spc),(3)
(egc),(3)
(udk),(3)
(ecn),(3)
(obz),(3)
(hmc),(3)
(mnc),(3)
(lza),(3)
(mct),(3)
(cuj),(3)
(kcy),(3)
(mcz),(3)
(dhd),(3)
(wgs),(3)
(rrd),(3)
(vde),(3)
(ifd),(3)
(hnd),(3)
(oxd),(3)
(evk),(3)
(xke),(3)
(ajs),(3)
(kdh),(3)
(zdi),(3)
(ivd),(3)
(ivn),(3)
(luu),(3)
(uur),(3)
(agq),(3)
(opz),(3)
(hky),(3)
(uxy),(3)
(sds),(3)
(uog),(3)
(duy),(3)
(jni),(3)
(mdw),(3)
(rfd),(3)
(bdw),(3)
(gej),(3)
(vyf),(3)
(vse),(3)
(evz),(3)
(vzo),(3)
(zex),(3)
(aey),(3)
(ezr),(3)
(sfs),(3)
(ahf),(3)
(uxn),(3)
(ehf),(3)
(xof),(3)
(fiq),(3)
(xtf),(3)
(zzg),(3)
(fja),(3)
(dfj),(3)
(fje),(3)
(xuo),(3)
(nux),(3)
(rbf),(3)
(xgl),(3)
(xsk),(3)
(zfu),(3)
(zto),(3)
(ttg),(3)
(ehg),(3)
(spg),(3)
(efg),(3)
(iig),(3)
(ptg),(3)
(wci),(3)
(wkg),(3)
(wky),(3)
(azp),(3)
(ehl),(3)
(sls),(3)
(cgi),(3)
(fgi),(3)
(rrg),(3)
(ugj),(3)
(fgl),(3)
(bgu),(3)
(pfg),(3)
(guh),(3)
(guq),(3)
(ymg),(3)
(ymk),(3)
(pgy),(3)
(afh),(3)
(jsh),(3)
(ifh),(3)
(ajh),(3)
(jdu),(3)
(vha),(3)
(npf),(3)
(awz),(3)
(rfh),(3)
(kuv),(3)
(xok),(3)
(nxh),(3)
(ndq),(3)
(igk),(3)
(opv),(3)
(wlr),(3)
(uhh),(3)
(kua),(3)
(hwy),(3)
(xyk),(3)
(mmr),(3)
(btm),(3)
(nnk),(3)
(tll),(3)
(eiw),(3)
(jpo),(3)
(wnj),(3)
(thj),(3)
(egj),(3)
(zij),(3)
(gyj),(3)
(uxj),(3)
(nnj),(3)
(rkj),(3)
(lqe),(3)
(dyj),(3)
(pij),(3)
(uij),(3)
(ijn),(3)
(cyj),(3)
(cjo),(3)
(oyj),(3)
(udj),(3)
(jue),(3)
(juz),(3)
(ajy),(3)
(vka),(3)
(iqs),(3)
(myk),(3)
(fkh),(3)
(ijk),(3)
(lkk),(3)
(ppk),(3)
(agk),(3)
(fkn),(3)
(fko),(3)
(ozn),(3)
(jek),(3)
(aiw),(3)
(kkr),(3)
(hkr),(3)
(pfk),(3)
(fku),(3)
(kuu),(3)
(tkv),(3)
(slm),(3)
(uwi),(3)
(avt),(3)
(vta),(3)
(ynl),(3)
(hrm),(3)
(ixl),(3)
(ibt),(3)
(zne),(3)
(iuq),(3)
(wve),(3)
(zlu),(3)
(tmc),(3)
(acv),(3)
(vsm),(3)
(ajl),(3)
(aqt),(3)
(vym),(3)
(dmc),(3)
(ekm),(3)
(nxm),(3)
(ruu),(3)
(ylx),(3)
(lxa),(3)
(tnt),(3)
(qva),(3)
(qve),(3)
(ddm),(3)
(ewv),(3)
(wvi),(3)
(hiq),(3)
(avm),(3)
(gmp),(3)
(lmr),(3)
(qqi),(3)
(qib),(3)
(mub),(3)
(ujt),(3)
(ktz),(3)
(ukw),(3)
(xoz),(3)
(mzu),(3)
(snd),(3)
(snp),(3)
(qna),(3)
(avn),(3)
(ebn),(3)
(mnn),(3)
(rln),(3)
(xtn),(3)
(qud),(3)
(npn),(3)
(uqt),(3)
(tny),(3)
(fof),(3)
(zuo),(3)
(uok),(3)
(eoy),(3)
(zao),(3)
(xyo),(3)
(uiy),(3)
(jao),(3)
(wox),(3)
(lmt),(3)
(atx),(3)
(vsp),(3)
(egv),(3)
(zpe),(3)
(rcp),(3)
(nxp),(3)
(wph),(3)
(phw),(3)
(nxt),(3)
(aui),(3)
(ebp),(3)
(yzw),(3)
(xeo),(3)
(vui),(3)
(zpr),(3)
(yrp),(3)
(szt),(3)
(puu),(3)
(uuk),(3)
(xpy),(3)
(hpy),(3)
(yrv),(3)
(pza),(3)
(qle),(3)
(ahq),(3)
(tqa),(3)
(imq),(3)
(jaq),(3)
(ikq),(3)
(qaz),(3)
(suq),(3)
(aqo),(3)
(nyq),(3)
(epq),(3)
(ffq),(3)
(rkq),(3)
(rtq),(3)
(rnq),(3)
(wsq),(3)
(hyq),(3)
(uoz),(3)
(qwe),(3)
(wyr),(3)
(hrh),(3)
(brh),(3)
(rfy),(3)
(lfq),(3)
(hhs),(3)
(xsm),(3)
(vkh),(3)
(hlh),(3)
(okv),(3)
(vay),(3)
(bze),(3)
(bzo),(3)
(ynk),(3)
(uiw),(3)
(ymt),(3)
(wlt),(3)
(zti),(3)
(rrt),(3)
(dhj),(3)
(mty),(3)
(mtz),(3)
(yue),(3)
(vyu),(3)
(yux),(3)
(svs),(3)
(mpv),(3)
(ixv),(3)
(tuv),(3)
(phv),(3)
(bsv),(3)
(oyv),(3)
(xve),(3)
(xtv),(3)
(odv),(3)
(wyv),(3)
(zyv),(3)
(voz),(3)
(svt),(3)
(tzw),(3)
(oiw),(3)
(ayz),(3)
(fyw),(3)
(ebz),(3)
(rzw),(3)
(zow),(3)
(nwu),(3)
(iwu),(3)
(nwy),(3)
(dxr),(3)
(mxa),(3)
(idx),(3)
(mxe),(3)
(txe),(3)
(erx),(3)
(rsx),(3)
(hxe),(3)
(hsx),(3)
(kza),(3)
(imz),(3)
(shz),(3)
(psz),(3)
(fsz),(3)
(rzu),(3)
(bsz),(3)
(nkz),(3)
(kez),(3)
(ziy),(3)
(zyz),(3)
(jv),(2)
(vw),(2)
(qm),(2)
(vj),(2)
(qp),(2)
(vq),(2)
(bhy),(2)
(bmh),(2)
(bzy),(2)
(dhv),(2)
(xaa),(2)
(ujj),(2)
(hdn),(2)
(izl),(2)
(aaj),(2)
(jmo),(2)
(oaj),(2)
(ajv),(2)
(jva),(2)
(tdh),(2)
(mtm),(2)
(iwr),(2)
(qun),(2)
(aqw),(2)
(qwa),(2)
(rcb),(2)
(rcd),(2)
(rcj),(2)
(rfv),(2)
(iud),(2)
(fge),(2)
(fwu),(2)
(xav),(2)
(aaw),(2)
(awq),(2)
(oay),(2)
(lbb),(2)
(sbs),(2)
(ycc),(2)
(aiu),(2)
(jre),(2)
(jri),(2)
(kkw),(2)
(mfb),(2)
(dhb),(2)
(nxr),(2)
(xri),(2)
(rbt),(2)
(rmk),(2)
(szc),(2)
(ejb),(2)
(wdb),(2)
(wrs),(2)
(ytb),(2)
(efw),(2)
(ehb),(2)
(jbe),(2)
(zbr),(2)
(nzn),(2)
(zoq),(2)
(nzp),(2)
(ybh),(2)
(gbh),(2)
(lbh),(2)
(boq),(2)
(wyb),(2)
(hmb),(2)
(xby),(2)
(izn),(2)
(ncm),(2)
(zbl),(2)
(wzy),(2)
(ezh),(2)
(brr),(2)
(uhb),(2)
(uhs),(2)
(ynz),(2)
(ejj),(2)
(xbu),(2)
(rqa),(2)
(uuz),(2)
(uyd),(2)
(uzk),(2)
(kby),(2)
(scp),(2)
(iuc),(2)
(lpc),(2)
(hds),(2)
(ehc),(2)
(ufc),(2)
(auq),(2)
(vch),(2)
(ovn),(2)
(huu),(2)
(hci),(2)
(nqc),(2)
(nqs),(2)
(qsc),(2)
(rgc),(2)
(bza),(2)
(mnm),(2)
(mfy),(2)
(mmc),(2)
(nfs),(2)
(nvn),(2)
(iif),(2)
(otq),(2)
(wlc),(2)
(wdp),(2)
(crw),(2)
(rwt),(2)
(cuh),(2)
(cwm),(2)
(ddc),(2)
(uxz),(2)
(xzo),(2)
(ywy),(2)
(hcz),(2)
(ohd),(2)
(sdl),(2)
(ehd),(2)
(hll),(2)
(rgd),(2)
(wdd),(2)
(wgd),(2)
(wkd),(2)
(wtd),(2)
(mtd),(2)
(btd),(2)
(cij),(2)
(ciw),(2)
(axd),(2)
(sdg),(2)
(jje),(2)
(wdh),(2)
(ylq),(2)
(kci),(2)
(kty),(2)
(dld),(2)
(ydj),(2)
(nnd),(2)
(ucd),(2)
(ovg),(2)
(uhd),(2)
(mky),(2)
(uyk),(2)
(ojn),(2)
(kdv),(2)
(hdw),(2)
(ecb),(2)
(ggf),(2)
(ggp),(2)
(ehh),(2)
(yej),(2)
(kpy),(2)
(uwr),(2)
(fuv),(2)
(voq),(2)
(voh),(2)
(xgi),(2)
(xaw),(2)
(xoh),(2)
(sfc),(2)
(ikf),(2)
(lxf),(2)
(qih),(2)
(aqr),(2)
(dhf),(2)
(zaq),(2)
(ecf),(2)
(nnm),(2)
(scf),(2)
(izf),(2)
(zfi),(2)
(sfj),(2)
(ocf),(2)
(uxw),(2)
(hnf),(2)
(ukf),(2)
(gnn),(2)
(oqi),(2)
(qia),(2)
(xfr),(2)
(ccb),(2)
(uhg),(2)
(duq),(2)
(fuq),(2)
(fuy),(2)
(dfy),(2)
(nzf),(2)
(wdg),(2)
(lbv),(2)
(emg),(2)
(mtk),(2)
(rzt),(2)
(hgh),(2)
(ifg),(2)
(tzg),(2)
(gij),(2)
(gik),(2)
(nng),(2)
(sgj),(2)
(ggg),(2)
(luh),(2)
(uhw),(2)
(mgn),(2)
(hgn),(2)
(wgn),(2)
(lpg),(2)
(zgr),(2)
(ruy),(2)
(grz),(2)
(ywn),(2)
(glh),(2)
(jiy),(2)
(uzm),(2)
(kgw),(2)
(ypc),(2)
(yrf),(2)
(izh),(2)
(luj),(2)
(auy),(2)
(uyn),(2)
(avd),(2)
(xxo),(2)
(ejr),(2)
(lpd),(2)
(oii),(2)
(snh),(2)
(zzh),(2)
(vny),(2)
(xyz),(2)
(wii),(2)
(ijm),(2)
(ijt),(2)
(jti),(2)
(khf),(2)
(iik),(2)
(qil),(2)
(jii),(2)
(xek),(2)
(gix),(2)
(jca),(2)
(jho),(2)
(jto),(2)
(rnj),(2)
(ewj),(2)
(agj),(2)
(gdt),(2)
(mbj),(2)
(ibj),(2)
(cja),(2)
(zyj),(2)
(zzj),(2)
(jed),(2)
(epj),(2)
(qed),(2)
(jeq),(2)
(jhe),(2)
(ljh),(2)
(jhi),(2)
(aoj),(2)
(lji),(2)
(kji),(2)
(nxj),(2)
(vyj),(2)
(sjj),(2)
(sjn),(2)
(byj),(2)
(dhp),(2)
(hnb),(2)
(lhl),(2)
(xju),(2)
(uvy),(2)
(zju),(2)
(jyn),(2)
(jyo),(2)
(uek),(2)
(rrn),(2)
(otx),(2)
(axk),(2)
(xka),(2)
(ezk),(2)
(egk),(2)
(lpk),(2)
(ptk),(2)
(zms),(2)
(ldk),(2)
(hlk),(2)
(bkl),(2)
(ddk),(2)
(pkl),(2)
(ppv),(2)
(mkl),(2)
(rrk),(2)
(zkn),(2)
(kny),(2)
(pko),(2)
(hwu),(2)
(tuh),(2)
(yzk),(2)
(ozk),(2)
(nfy),(2)
(kui),(2)
(zku),(2)
(uud),(2)
(dkv),(2)
(gkv),(2)
(hkv),(2)
(rkv),(2)
(slk),(2)
(vvo),(2)
(vvu),(2)
(avw),(2)
(vwa),(2)
(afy),(2)
(rzl),(2)
(hng),(2)
(wdt),(2)
(uxl),(2)
(hml),(2)
(lzl),(2)
(wva),(2)
(vlu),(2)
(dhh),(2)
(jzo),(2)
(jzu),(2)
(khz),(2)
(rgv),(2)
(xtm),(2)
(rxo),(2)
(ovm),(2)
(zut),(2)
(mcj),(2)
(mcm),(2)
(ejl),(2)
(wlm),(2)
(rrm),(2)
(jnh),(2)
(jwi),(2)
(iqr),(2)
(qra),(2)
(izp),(2)
(zuh),(2)
(zuy),(2)
(tmn),(2)
(ohw),(2)
(vmo),(2)
(moq),(2)
(mrd),(2)
(hdh),(2)
(udv),(2)
(ujr),(2)
(kht),(2)
(qit),(2)
(ynh),(2)
(yrb),(2)
(yrc),(2)
(emz),(2)
(bks),(2)
(ifn),(2)
(iqn),(2)
(avb),(2)
(vba),(2)
(vca),(2)
(avj),(2)
(vjo),(2)
(wbs),(2)
(wsz),(2)
(wtn),(2)
(xtd),(2)
(xtg),(2)
(qaa),(2)
(iqq),(2)
(qqu),(2)
(xni),(2)
(uhn),(2)
(nuq),(2)
(yck),(2)
(bgy),(2)
(ddn),(2)
(iuh),(2)
(uhq),(2)
(zyo),(2)
(nxo),(2)
(orx),(2)
(rxa),(2)
(weo),(2)
(xbl),(2)
(epv),(2)
(spz),(2)
(epz),(2)
(jpa),(2)
(vpa),(2)
(rrp),(2)
(ivh),(2)
(ojk),(2)
(jka),(2)
(dtp),(2)
(gpf),(2)
(wwr),(2)
(yxp),(2)
(ifp),(2)
(ocp),(2)
(zpo),(2)
(eqs),(2)
(ykt),(2)
(gpt),(2)
(lpb),(2)
(zta),(2)
(pux),(2)
(yrg),(2)
(opq),(2)
(qsl),(2)
(qte),(2)
(qaj),(2)
(qsq),(2)
(lqa),(2)
(kqa),(2)
(qap),(2)
(qep),(2)
(qig),(2)
(rqi),(2)
(kaq),(2)
(qip),(2)
(qiv),(2)
(hql),(2)
(qop),(2)
(qor),(2)
(ayq),(2)
(ogq),(2)
(keq),(2)
(fyq),(2)
(ttq),(2)
(upq),(2)
(syq),(2)
(omq),(2)
(ueq),(2)
(puq),(2)
(qul),(2)
(sqw),(2)
(ajb),(2)
(jpr),(2)
(jpu),(2)
(hpf),(2)
(uwo),(2)
(vsr),(2)
(uyr),(2)
(ijd),(2)
(jde),(2)
(jks),(2)
(ijs),(2)
(jst),(2)
(ywk),(2)
(ydb),(2)
(yij),(2)
(ijy),(2)
(jei),(2)
(brs),(2)
(jdh),(2)
(lvy),(2)
(mgh),(2)
(vsa),(2)
(wbw),(2)
(ihl),(2)
(lzs),(2)
(pfn),(2)
(eiy),(2)
(yuu),(2)
(rvq),(2)
(vqu),(2)
(uiq),(2)
(prs),(2)
(ezs),(2)
(ykh),(2)
(eqe),(2)
(qel),(2)
(zls),(2)
(gnw),(2)
(ojd),(2)
(jds),(2)
(gds),(2)
(mrt),(2)
(xsn),(2)
(xhl),(2)
(zsu),(2)
(uxs),(2)
(bty),(2)
(fhy),(2)
(foq),(2)
(uov),(2)
(rbn),(2)
(zsw),(2)
(ncw),(2)
(ynf),(2)
(ynr),(2)
(xsy),(2)
(syv),(2)
(hrt),(2)
(wih),(2)
(iht),(2)
(wwu),(2)
(wtt),(2)
(xiw),(2)
(ztl),(2)
(eqb),(2)
(qba),(2)
(tzt),(2)
(hmt),(2)
(rft),(2)
(ruw),(2)
(jop),(2)
(evt),(2)
(yft),(2)
(trd),(2)
(gts),(2)
(ktt),(2)
(cux),(2)
(rfg),(2)
(twy),(2)
(xak),(2)
(htz),(2)
(zds),(2)
(zdy),(2)
(zyu),(2)
(pby),(2)
(byu),(2)
(yuw),(2)
(vbl),(2)
(kyv),(2)
(efv),(2)
(fva),(2)
(uxv),(2)
(ltv),(2)
(pve),(2)
(ffv),(2)
(fsv),(2)
(igv),(2)
(thv),(2)
(rpv),(2)
(iuv),(2)
(gvl),(2)
(hvo),(2)
(zhd),(2)
(gvr),(2)
(wvr),(2)
(vry),(2)
(vuv),(2)
(vuz),(2)
(yvy),(2)
(acw),(2)
(ppw),(2)
(aqf),(2)
(giw),(2)
(rpw),(2)
(yzg),(2)
(zgo),(2)
(cwe),(2)
(ihn),(2)
(wej),(2)
(zwh),(2)
(fiw),(2)
(wyw),(2)
(cwi),(2)
(woi),(2)
(ynw),(2)
(woy),(2)
(fwr),(2)
(wuw),(2)
(wux),(2)
(iwy),(2)
(wyg),(2)
(ayx),(2)
(yxr),(2)
(ysx),(2)
(cxa),(2)
(smx),(2)
(dsx),(2)
(csx),(2)
(rxe),(2)
(psx),(2)
(gxe),(2)
(phx),(2)
(dxy),(2)
(txy),(2)
(byy),(2)
(hrz),(2)
(khc),(2)
(qon),(2)
(wyy),(2)
(hyy),(2)
(yiz),(2)
(wyo),(2)
(jyu),(2)
(zdr),(2)
(ikz),(2)
(agz),(2)
(ukz),(2)
(rfz),(2)
(zue),(2)
(krz),(2)
(gze),(2)
(tzz),(2)
(gzh),(2)
(hzh),(2)
(rnz),(2)
(kyz),(2)
(cyz),(2)
(fyz),(2)
(pzi),(2)
(oyz),(2)
(ziv),(2)
(eyz),(2)
(rmz),(2)
(gzu),(2)
(nzw),(2)
(zyx),(2)
(yzz),(2)
(jf),(1)
(vf),(1)
(qh),(1)
(qj),(1)
(qk),(1)
(jq),(1)
(bx),(1)
(px),(1)
(uzd),(1)
(dhk),(1)
(aoa),(1)
(jza),(1)
(ufw),(1)
(wuc),(1)
(wqa),(1)
(qaf),(1)
(gbb),(1)
(sbg),(1)
(lbg),(1)
(sbt),(1)
(iib),(1)
(dnj),(1)
(zcz),(1)
(czb),(1)
(ykb),(1)
(ijb),(1)
(wrb),(1)
(wub),(1)
(gbd),(1)
(njb),(1)
(njy),(1)
(jyb),(1)
(ezb),(1)
(pbh),(1)
(dbh),(1)
(bbb),(1)
(scb),(1)
(ufb),(1)
(yxb),(1)
(ucb),(1)
(mry),(1)
(yfb),(1)
(ygb),(1)
(lnb),(1)
(nxb),(1)
(uvb),(1)
(vbr),(1)
(vsb),(1)
(hrb),(1)
(pku),(1)
(uzb),(1)
(zuq),(1)
(uqb),(1)
(qbu),(1)
(ybw),(1)
(ycb),(1)
(tcb),(1)
(scc),(1)
(dcc),(1)
(pcs),(1)
(fcs),(1)
(kcw),(1)
(gcw),(1)
(lcc),(1)
(byv),(1)
(lxc),(1)
(hdc),(1)
(pnc),(1)
(pns),(1)
(rhc),(1)
(zhc),(1)
(dhc),(1)
(kce),(1)
(zce),(1)
(ncc),(1)
(ivc),(1)
(qci),(1)
(qce),(1)
(zcl),(1)
(lcn),(1)
(ncn),(1)
(tcn),(1)
(bbc),(1)
(tlc),(1)
(nfc),(1)
(oqc),(1)
(qco),(1)
(oqs),(1)
(wpc),(1)
(ozc),(1)
(wdc),(1)
(dct),(1)
(uhx),(1)
(hxi),(1)
(uhc),(1)
(uzc),(1)
(wmc),(1)
(hcw),(1)
(dcw),(1)
(ucz),(1)
(rcz),(1)
(tcz),(1)
(hdb),(1)
(gdb),(1)
(sdb),(1)
(tdb),(1)
(sdd),(1)
(tdl),(1)
(sdm),(1)
(kdm),(1)
(ddp),(1)
(hld),(1)
(pdy),(1)
(ymd),(1)
(rvd),(1)
(jsa),(1)
(cdh),(1)
(krd),(1)
(ydh),(1)
(gmd),(1)
(scd),(1)
(vdi),(1)
(ldj),(1)
(hdj),(1)
(tdj),(1)
(gdj),(1)
(viy),(1)
(wfd),(1)
(wpd),(1)
(xxd),(1)
(sqd),(1)
(qdu),(1)
(sqs),(1)
(qsd),(1)
(pfd),(1)
(voj),(1)
(fdw),(1)
(kdy),(1)
(fdy),(1)
(hdy),(1)
(ddz),(1)
(lzw),(1)
(vns),(1)
(xei),(1)
(vho),(1)
(iie),(1)
(sfb),(1)
(bfb),(1)
(sfh),(1)
(sfn),(1)
(sft),(1)
(tft),(1)
(sfw),(1)
(dfw),(1)
(rzf),(1)
(krf),(1)
(ajf),(1)
(jfa),(1)
(ihf),(1)
(qrf),(1)
(qrs),(1)
(avf),(1)
(vfa),(1)
(vsf),(1)
(hmf),(1)
(lmj),(1)
(iqh),(1)
(qhf),(1)
(yfj),(1)
(cfj),(1)
(mmf),(1)
(phf),(1)
(lbf),(1)
(ytf),(1)
(ohf),(1)
(ncf),(1)
(mdf),(1)
(mds),(1)
(uqf),(1)
(qfu),(1)
(qsf),(1)
(gfy),(1)
(tfy),(1)
(sgd),(1)
(ygf),(1)
(tgs),(1)
(sgs),(1)
(sgt),(1)
(tgt),(1)
(mbg),(1)
(evg),(1)
(rbg),(1)
(wpg),(1)
(ozg),(1)
(zga),(1)
(ktg),(1)
(ezg),(1)
(zge),(1)
(hlg),(1)
(lkg),(1)
(slg),(1)
(tgj),(1)
(zgl),(1)
(ohg),(1)
(rpg),(1)
(ddg),(1)
(wfg),(1)
(sgq),(1)
(gqo),(1)
(qom),(1)
(vgr),(1)
(szg),(1)
(xue),(1)
(uvg),(1)
(vgu),(1)
(uyg),(1)
(sgw),(1)
(rzg),(1)
(zgw),(1)
(dbw),(1)
(bwy),(1)
(lgw),(1)
(dgw),(1)
(ypg),(1)
(bhb),(1)
(djh),(1)
(djs),(1)
(jjh),(1)
(jjs),(1)
(ovh),(1)
(xeh),(1)
(iih),(1)
(wmh),(1)
(xxh),(1)
(ghq),(1)
(zbh),(1)
(zbs),(1)
(hmh),(1)
(hhm),(1)
(dhm),(1)
(flh),(1)
(ohh),(1)
(joz),(1)
(wfh),(1)
(kmh),(1)
(mfh),(1)
(nhh),(1)
(huo),(1)
(huq),(1)
(yhw),(1)
(lhw),(1)
(ygg),(1)
(mnh),(1)
(giq),(1)
(yiq),(1)
(fiu),(1)
(yix),(1)
(yjc),(1)
(djc),(1)
(sjc),(1)
(jco),(1)
(cjh),(1)
(rjp),(1)
(pjr),(1)
(jro),(1)
(kjt),(1)
(njt),(1)
(ftj),(1)
(ggj),(1)
(rmj),(1)
(ixj),(1)
(rlj),(1)
(rgj),(1)
(rpj),(1)
(spj),(1)
(xyj),(1)
(lkj),(1)
(zja),(1)
(ezj),(1)
(lqj),(1)
(qje),(1)
(lqi),(1)
(lqs),(1)
(qsj),(1)
(euj),(1)
(xje),(1)
(wje),(1)
(bbj),(1)
(fji),(1)
(wji),(1)
(pji),(1)
(cji),(1)
(xji),(1)
(njj),(1)
(jjo),(1)
(njn),(1)
(hnj),(1)
(ikj),(1)
(chj),(1)
(ofj),(1)
(okj),(1)
(phj),(1)
(wlj),(1)
(hju),(1)
(exj),(1)
(fju),(1)
(ymj),(1)
(zuj),(1)
(ujy),(1)
(xjy),(1)
(sjy),(1)
(ykd),(1)
(pks),(1)
(tks),(1)
(iqk),(1)
(qka),(1)
(qsk),(1)
(kdk),(1)
(kwk),(1)
(rbk),(1)
(rfk),(1)
(wlk),(1)
(gkh),(1)
(bzk),(1)
(zkh),(1)
(oxk),(1)
(xki),(1)
(hrk),(1)
(rgk),(1)
(jki),(1)
(lnk),(1)
(hmk),(1)
(skk),(1)
(skj),(1)
(xkl),(1)
(ofk),(1)
(fkl),(1)
(zkl),(1)
(knj),(1)
(spk),(1)
(mkn),(1)
(bko),(1)
(ytk),(1)
(iyk),(1)
(bkr),(1)
(nzk),(1)
(mkr),(1)
(pkr),(1)
(lzk),(1)
(ykv),(1)
(kvl),(1)
(vlt),(1)
(hkw),(1)
(tky),(1)
(ixk),(1)
(xky),(1)
(zky),(1)
(yuj),(1)
(slc),(1)
(mlc),(1)
(mld),(1)
(tlm),(1)
(slp),(1)
(plr),(1)
(nlr),(1)
(dhl),(1)
(hrj),(1)
(eiq),(1)
(lnl),(1)
(cdl),(1)
(wyi),(1)
(wtl),(1)
(luw),(1)
(wuk),(1)
(slw),(1)
(dml),(1)
(evm),(1)
(jle),(1)
(uuc),(1)
(qlu),(1)
(wrm),(1)
(xmb),(1)
(bmc),(1)
(ijw),(1)
(qvo),(1)
(rvm),(1)
(vmi),(1)
(zua),(1)
(mmn),(1)
(nmn),(1)
(ozm),(1)
(lnm),(1)
(xmp),(1)
(tmp),(1)
(gmr),(1)
(qaq),(1)
(aqm),(1)
(qmu),(1)
(ihm),(1)
(zmu),(1)
(ymv),(1)
(hmw),(1)
(ycm),(1)
(ycs),(1)
(rhm),(1)
(fmy),(1)
(lnd),(1)
(lng),(1)
(lnt),(1)
(snw),(1)
(dnw),(1)
(rcn),(1)
(nxn),(1)
(eqn),(1)
(vsn),(1)
(snc),(1)
(wbn),(1)
(snk),(1)
(jnt),(1)
(fny),(1)
(bpy),(1)
(bvs),(1)
(aof),(1)
(eoj),(1)
(mhs),(1)
(jio),(1)
(xao),(1)
(ypk),(1)
(kuo),(1)
(ouo),(1)
(tvy),(1)
(xox),(1)
(xoo),(1)
(cpb),(1)
(spv),(1)
(czk),(1)
(evp),(1)
(avp),(1)
(wgp),(1)
(wkp),(1)
(ibp),(1)
(ehp),(1)
(rvp),(1)
(vpe),(1)
(bzp),(1)
(tlp),(1)
(dpf),(1)
(pff),(1)
(tpf),(1)
(afp),(1)
(wyp),(1)
(ekj),(1)
(zhk),(1)
(iip),(1)
(nhp),(1)
(plj),(1)
(zpl),(1)
(hpn),(1)
(xpn),(1)
(tpn),(1)
(ncp),(1)
(ufp),(1)
(ozp),(1)
(eqp),(1)
(qpr),(1)
(qsp),(1)
(kps),(1)
(lbp),(1)
(bps),(1)
(tpt),(1)
(rhp),(1)
(zpu),(1)
(npw),(1)
(dpw),(1)
(gpw),(1)
(rgp),(1)
(zpz),(1)
(sqb),(1)
(qbi),(1)
(cqf),(1)
(qfl),(1)
(xql),(1)
(gql),(1)
(sqm),(1)
(qma),(1)
(axq),(1)
(xqp),(1)
(qpo),(1)
(pqs),(1)
(tqt),(1)
(cqa),(1)
(dqa),(1)
(qau),(1)
(wmq),(1)
(yqe),(1)
(ejq),(1)
(jqe),(1)
(kqe),(1)
(sqe),(1)
(iqe),(1)
(hqi),(1)
(qis),(1)
(utq),(1)
(tqi),(1)
(sql),(1)
(cql),(1)
(cqo),(1)
(phq),(1)
(hqo),(1)
(sqo),(1)
(ixq),(1)
(rmq),(1)
(gyq),(1)
(ugq),(1)
(lmq),(1)
(goq),(1)
(feq),(1)
(htq),(1)
(wnq),(1)
(tzq),(1)
(ydq),(1)
(ftq),(1)
(eyq),(1)
(ynq),(1)
(ncq),(1)
(cyq),(1)
(ltq),(1)
(nxq),(1)
(oaq),(1)
(olq),(1)
(poq),(1)
(pyq),(1)
(izq),(1)
(uoq),(1)
(uoa),(1)
(obq),(1)
(cng),(1)
(ifq),(1)
(nkq),(1)
(ozq),(1)
(abq),(1)
(tbq),(1)
(tbs),(1)
(quz),(1)
(yqw),(1)
(srl),(1)
(prl),(1)
(wrr),(1)
(azr),(1)
(vyr),(1)
(ymr),(1)
(zre),(1)
(bds),(1)
(krh),(1)
(zrh),(1)
(prh),(1)
(hmr),(1)
(tzr),(1)
(zyr),(1)
(nzr),(1)
(zro),(1)
(tlr),(1)
(jyr),(1)
(jyt),(1)
(xsb),(1)
(yxs),(1)
(zsf),(1)
(njs),(1)
(hhh),(1)
(zsi),(1)
(zfl),(1)
(uzs),(1)
(xsq),(1)
(zsq),(1)
(ubx),(1)
(bxi),(1)
(ufn),(1)
(qss),(1)
(jsv),(1)
(jsw),(1)
(gtb),(1)
(ktd),(1)
(flt),(1)
(jju),(1)
(ajt),(1)
(jwe),(1)
(nht),(1)
(zth),(1)
(qsi),(1)
(dtc),(1)
(gtc),(1)
(ggt),(1)
(ejt),(1)
(jte),(1)
(mmt),(1)
(evb),(1)
(vbe),(1)
(tdt),(1)
(wbt),(1)
(ydt),(1)
(cct),(1)
(izt),(1)
(ytj),(1)
(gtj),(1)
(vto),(1)
(wkt),(1)
(nqt),(1)
(qtr),(1)
(nqe),(1)
(ezt),(1)
(ozt),(1)
(qts),(1)
(qim),(1)
(ztu),(1)
(twp),(1)
(wpt),(1)
(itx),(1)
(utx),(1)
(ygt),(1)
(ppt),(1)
(gtz),(1)
(ytz),(1)
(iua),(1)
(uub),(1)
(iug),(1)
(uhm),(1)
(uuh),(1)
(uul),(1)
(lzz),(1)
(qum),(1)
(guu),(1)
(quh),(1)
(wlu),(1)
(wyu),(1)
(eiu),(1)
(iuu),(1)
(uut),(1)
(wuu),(1)
(uux),(1)
(iuz),(1)
(uzv),(1)
(rvb),(1)
(kvb),(1)
(svn),(1)
(kvn),(1)
(svp),(1)
(vpo),(1)
(pvs),(1)
(cvs),(1)
(gvs),(1)
(agv),(1)
(vnv),(1)
(pyv),(1)
(dyv),(1)
(ecv),(1)
(vva),(1)
(vsv),(1)
(awv),(1)
(axv),(1)
(xxv),(1)
(hmv),(1)
(dtv),(1)
(uyv),(1)
(ahv),(1)
(rbv),(1)
(ktv),(1)
(ptv),(1)
(scv),(1)
(fvi),(1)
(rlv),(1)
(dvl),(1)
(vly),(1)
(ftv),(1)
(wvo),(1)
(hdv),(1)
(cvr),(1)
(rvr),(1)
(lvr),(1)
(mvr),(1)
(dvr),(1)
(tvr),(1)
(uwv),(1)
(uws),(1)
(dvt),(1)
(rvt),(1)
(gvt),(1)
(ugv),(1)
(ggv),(1)
(hvu),(1)
(cvu),(1)
(lnv),(1)
(gvy),(1)
(ifw),(1)
(fuw),(1)
(kfw),(1)
(kfs),(1)
(hrw),(1)
(qfw),(1)
(qfs),(1)
(ezw),(1)
(xyw),(1)
(azw),(1)
(lnw),(1)
(xew),(1)
(uwh),(1)
(vsw),(1)
(rrw),(1)
(cwh),(1)
(uyw),(1)
(ecw),(1)
(omx),(1)
(mxn),(1)
(xnw),(1)
(duw),(1)
(wuj),(1)
(jiw),(1)
(huw),(1)
(uzw),(1)
(zwu),(1)
(mwy),(1)
(ygw),(1)
(gxa),(1)
(sxc),(1)
(ptx),(1)
(sxl),(1)
(gxr),(1)
(amx),(1)
(dxa),(1)
(llx),(1)
(ecx),(1)
(syx),(1)
(ftx),(1)
(thx),(1)
(chx),(1)
(gyx),(1)
(qix),(1)
(lxi),(1)
(mxi),(1)
(dxi),(1)
(xiq),(1)
(sxr),(1)
(sxu),(1)
(xux),(1)
(xuc),(1)
(ucx),(1)
(cxu),(1)
(nxu),(1)
(emx),(1)
(mxy),(1)
(rpx),(1)
(pxy),(1)
(enx),(1)
(hxy),(1)
(gxy),(1)
(rxy),(1)
(jey),(1)
(jno),(1)
(juy),(1)
(iiy),(1)
(oiy),(1)
(eyy),(1)
(nyy),(1)
(wpy),(1)
(ouy),(1)
(yuy),(1)
(eqi),(1)
(uhy),(1)
(myy),(1)
(fyy),(1)
(szd),(1)
(gzd),(1)
(ptz),(1)
(mnz),(1)
(apz),(1)
(ehz),(1)
(fza),(1)
(axz),(1)
(xza),(1)
(ekz),(1)
(pze),(1)
(yrz),(1)
(rkz),(1)
(exz),(1)
(xze),(1)
(zhz),(1)
(ffz),(1)
(fzi),(1)
(llz),(1)
(mbz),(1)
(ncz),(1)
(ipz),(1)
(kzi),(1)
(gzl),(1)
(yzl),(1)
(hzl),(1)
(glz),(1)
(ftz),(1)
(szr),(1)
(yzu),(1)
(brz),(1)
(hdz),(1)
(fzu),(1)
(mzw),(1)
(kzw),(1)
(czw),(1)
(hzy),(1)
(szz),(1)
